H,alpha,seed,kl,mean_payoff,mean_action,mean_body_out,fe_low,fe_mid,fe_high
0,0.00,0,1.613508,2.888000,0.900000,0.904186,-1.274492,1.952524,10.020064
0,0.10,0,1.403573,2.886332,0.900978,0.909780,-1.482759,1.324388,8.342255
0,0.20,0,1.094307,2.882768,0.902986,0.914931,-1.788460,0.400154,5.871691
0,0.30,0,0.878145,2.877725,0.905735,0.919117,-1.999579,-0.243289,4.147438
0,0.40,0,0.622636,2.871109,0.909310,0.923275,-2.248473,-1.003200,2.109981
0,0.50,0,0.537559,2.863485,0.913395,0.926791,-2.325927,-1.250810,1.436983
0,0.60,0,0.309143,2.855901,0.917534,0.929224,-2.546758,-1.928472,-0.382757
0,0.70,0,0.249814,2.847396,0.921997,0.931424,-2.597582,-2.097953,-0.848881
0,0.80,0,0.257467,2.841110,0.925534,0.931918,-2.583643,-2.068708,-0.781373
0,0.90,0,0.161427,2.830580,0.931206,0.934673,-2.669153,-2.346299,-1.539164
0,1.00,0,0.362627,2.824719,0.934340,0.934340,-2.462091,-1.736837,0.076300
0,0.00,1,3.242200,2.899000,0.906000,0.885570,0.343200,6.827600,23.038600
0,0.10,1,2.971563,2.901527,0.904551,0.891507,0.070036,6.013162,20.870978
0,0.20,1,2.760930,2.902038,0.904212,0.897062,-0.141108,5.380753,19.185403
0,0.30,1,2.482590,2.900578,0.904886,0.902286,-0.417988,4.547192,16.960143
0,0.40,1,2.290712,2.899400,0.905405,0.904513,-0.608688,3.972736,15.426294
0,0.50,1,2.158721,2.894750,0.907809,0.909617,-0.736029,3.581413,14.375017
0,0.60,1,1.889511,2.889508,0.910477,0.913462,-0.999997,2.779025,12.226580
0,0.70,1,1.913179,2.887435,0.911304,0.913577,-0.974256,2.852102,12.417997
0,0.80,1,1.716234,2.880982,0.914616,0.916770,-1.164748,2.267720,10.848889
0,0.90,1,1.670268,2.874397,0.918083,0.919426,-1.204129,2.136407,10.487745
0,1.00,1,1.485009,2.868224,0.921155,0.921155,-1.383215,1.586803,9.011847
0,0.00,2,2.969181,2.877000,0.887000,0.845127,0.092181,6.030543,20.876447
0,0.10,2,2.756677,2.884656,0.882883,0.845835,-0.127979,5.385376,19.168762
0,0.20,2,2.540247,2.890201,0.879852,0.851262,-0.349954,4.730541,17.431777
0,0.30,2,2.448032,2.896523,0.876339,0.851462,-0.448491,4.447572,16.687732
0,0.40,2,2.338185,2.900961,0.873939,0.854348,-0.562776,4.113595,15.804521
0,0.50,2,2.134820,2.906407,0.871107,0.855214,-0.771587,3.498053,14.172154
0,0.60,2,1.904095,2.911347,0.868262,0.855769,-1.007252,2.800939,12.321416
0,0.70,2,1.874830,2.911630,0.868066,0.859952,-1.036800,2.712860,12.087011
0,0.80,2,1.836220,2.915515,0.865857,0.860571,-1.079295,2.593146,11.774246
0,0.90,2,1.727133,2.919371,0.863842,0.861268,-1.192238,2.262029,10.897694
0,1.00,2,1.623674,2.923079,0.861894,0.861894,-1.299404,1.947944,10.066315
0,0.00,3,2.229132,2.900500,0.908500,0.893757,-0.671368,3.786897,14.932558
0,0.10,3,2.082801,2.903132,0.907097,0.894467,-0.820330,3.345272,13.759278
0,0.20,3,1.988884,2.905264,0.905975,0.895876,-0.916380,3.061387,13.005806
0,0.30,3,1.995258,2.907624,0.904735,0.895950,-0.912366,3.078150,13.054441
0,0.40,3,1.890848,2.908107,0.904566,0.898664,-1.017259,2.764438,12.218680
0,0.50,3,1.727091,2.908284,0.904445,0.900390,-1.181193,2.272989,10.908445
0,0.60,3,1.521306,2.910294,0.903409,0.900015,-1.388989,1.653623,9.260152
0,0.70,3,1.508582,2.910612,0.903188,0.900912,-1.402031,1.615133,9.158041
0,0.80,3,1.543523,2.912317,0.902326,0.900782,-1.368794,1.718251,9.435866
0,0.90,3,1.447670,2.911097,0.902832,0.902202,-1.463427,1.431913,8.670263
0,1.00,3,1.441844,2.911419,0.902740,0.902740,-1.469576,1.414112,8.623332
0,0.00,4,3.321431,2.886500,0.898000,0.888872,0.434931,7.077794,23.684951
0,0.10,4,3.160209,2.888142,0.897180,0.889799,0.272068,6.592487,22.393534
0,0.20,4,2.912527,2.889626,0.896443,0.890215,0.022901,5.847955,20.410589
0,0.30,4,2.816194,2.890606,0.895877,0.890923,-0.074412,5.557977,19.638948
0,0.40,4,2.816798,2.891624,0.895358,0.891394,-0.074826,5.558769,19.642757
0,0.50,4,2.661256,2.891764,0.895425,0.892850,-0.230508,5.092004,18.398285
0,0.60,4,2.362453,2.893871,0.894316,0.891860,-0.531419,4.193486,16.005749
0,0.70,4,2.363081,2.893993,0.894174,0.892534,-0.530911,4.195252,16.010659
0,0.80,4,2.325619,2.893811,0.894420,0.893525,-0.568192,4.083046,15.711140
0,0.90,4,2.265218,2.892791,0.895201,0.894890,-0.627573,3.902863,15.228953
0,1.00,4,2.139244,2.895087,0.893650,0.893650,-0.755843,3.522646,14.218868
0,0.00,5,2.142387,2.887500,0.896500,0.902127,-0.745113,3.539661,14.251595
0,0.10,5,1.927712,2.885404,0.897485,0.906353,-0.957692,2.897733,12.536294
0,0.20,5,1.830117,2.883647,0.898300,0.905499,-1.053530,2.606705,11.757292
0,0.30,5,1.702154,2.880712,0.899755,0.907350,-1.178558,2.225749,10.736518
0,0.40,5,1.680321,2.877349,0.901388,0.908719,-1.197028,2.163614,10.565217
0,0.50,5,1.436292,2.874235,0.902979,0.909458,-1.437943,1.434640,8.616099
0,0.60,5,1.371225,2.870852,0.904735,0.910224,-1.499627,1.242823,8.098947
0,0.70,5,1.225652,2.866395,0.907034,0.911549,-1.640743,0.810560,6.938819
0,0.80,5,1.208458,2.860856,0.909934,0.913292,-1.652397,0.764520,6.806812
0,0.90,5,1.270430,2.853668,0.913404,0.915282,-1.583238,0.957622,7.309772
0,1.00,5,1.152986,2.849313,0.915876,0.915876,-1.696327,0.609645,6.374576
0,0.00,6,3.036407,2.893500,0.901000,0.865904,0.142907,6.215722,21.397759
0,0.10,6,2.909761,2.899549,0.897769,0.868692,0.010211,5.829733,20.378537
0,0.20,6,2.617084,2.904856,0.894868,0.870341,-0.287771,4.946397,18.031819
0,0.30,6,2.401099,2.909227,0.892526,0.872753,-0.508128,4.294070,16.299566
0,0.40,6,2.238024,2.910480,0.891767,0.877917,-0.672456,3.803593,14.993713
0,0.50,6,1.896277,2.913751,0.889949,0.878899,-1.017475,2.775079,12.256464
0,0.60,6,1.847817,2.916650,0.888427,0.880045,-1.068833,2.626800,11.865882
0,0.70,6,1.703748,2.916897,0.887985,0.882407,-1.213149,2.194346,10.713085
0,0.80,6,1.478181,2.914645,0.889091,0.886113,-1.436464,1.519899,8.910805
0,0.90,6,1.412797,2.914640,0.889463,0.888181,-1.501843,1.323752,8.387739
0,1.00,6,1.209693,2.912870,0.889927,0.889927,-1.703177,0.716210,6.764677
0,0.00,7,3.508005,2.892000,0.900500,0.881436,0.616005,7.632016,25.172043
0,0.10,7,3.180584,2.894950,0.898866,0.884158,0.285635,6.646803,22.549726
0,0.20,7,2.979252,2.896713,0.897898,0.887488,0.082539,6.041043,20.937303
0,0.30,7,2.739980,2.897997,0.897076,0.889085,-0.158017,5.321943,19.021842
0,0.40,7,2.479360,2.897367,0.897443,0.892858,-0.418006,4.540715,16.937517
0,0.50,7,2.205710,2.895605,0.898240,0.895980,-0.689895,3.721525,14.750074
0,0.60,7,2.229515,2.893802,0.899164,0.898273,-0.664287,3.794744,14.942320
0,0.70,7,1.906804,2.891639,0.900247,0.900139,-0.984834,2.828774,12.362794
0,0.80,7,1.977909,2.889815,0.901214,0.901393,-0.911905,3.043913,12.933460
0,0.90,7,1.684831,2.884948,0.903641,0.903990,-1.200117,2.169546,10.593703
0,1.00,7,1.656953,2.880186,0.906089,0.906089,-1.223233,2.090673,10.375438
0,0.00,8,2.479665,2.887000,0.897500,0.871780,-0.407335,4.551996,16.950322
0,0.10,8,2.332432,2.891439,0.895188,0.874379,-0.559008,4.105855,15.768013
0,0.20,8,2.257706,2.895814,0.892966,0.874829,-0.638108,3.877305,15.165837
0,0.30,8,2.078432,2.897016,0.892382,0.880440,-0.818584,3.338280,13.730438
0,0.40,8,1.920875,2.898942,0.891363,0.882157,-0.978068,2.863682,12.468055
0,0.50,8,1.818366,2.899921,0.890889,0.884277,-1.081555,2.555177,11.647007
0,0.60,8,1.712724,2.899813,0.890879,0.886465,-1.187088,2.238360,10.801981
0,0.70,8,1.566570,2.895671,0.893172,0.891317,-1.329101,1.804039,9.636889
0,0.80,8,1.231399,2.900304,0.890705,0.889006,-1.668905,0.793893,6.950888
0,0.90,8,1.330974,2.899300,0.891145,0.890439,-1.568325,1.093623,7.748494
0,1.00,8,1.258619,2.892265,0.894640,0.894640,-1.633646,0.883593,7.176688
0,0.00,9,3.132016,2.893500,0.901000,0.870338,0.238516,6.502548,22.162629
0,0.10,9,2.980144,2.898306,0.898283,0.873833,0.081838,6.042127,20.942849
0,0.20,9,2.582010,2.901555,0.896399,0.877995,-0.319546,4.844474,17.754523
0,0.30,9,2.368701,2.900725,0.896701,0.886671,-0.532024,4.205378,16.048882
0,0.40,9,2.171652,2.900825,0.896431,0.889577,-0.729173,3.614130,14.472388
0,0.50,9,2.119643,2.897435,0.898204,0.895408,-0.777792,3.461493,14.059708
0,0.60,9,1.780489,2.889803,0.902138,0.902897,-1.109315,2.451662,11.354105
0,0.70,9,1.670604,2.880723,0.906912,0.909446,-1.210119,2.131089,10.484110
0,0.80,9,1.391676,2.873446,0.910497,0.912871,-1.481770,1.301582,8.259960
0,0.90,9,1.341602,2.867987,0.913548,0.914942,-1.526385,1.156818,7.864826
0,1.00,9,1.492029,2.860474,0.917288,0.917288,-1.368445,1.615612,9.075756
0,0.00,10,2.441271,2.894000,0.904000,0.916502,-0.452729,4.429814,16.636171
0,0.10,10,2.098781,2.890880,0.905672,0.920723,-0.792099,3.405463,13.899370
0,0.20,10,1.860023,2.886788,0.907837,0.923183,-1.026765,2.693281,11.993394
0,0.30,10,1.569789,2.881052,0.910846,0.926821,-1.311262,1.828316,9.677263
0,0.40,10,1.360162,2.874642,0.914310,0.929776,-1.514480,1.205844,8.006654
0,0.50,10,1.245939,2.868019,0.917824,0.931648,-1.622079,0.869799,7.099496
0,0.60,10,0.991946,2.861674,0.921145,0.932574,-1.869728,0.114164,5.073894
0,0.70,10,1.031687,2.853507,0.925557,0.934796,-1.821819,0.241556,5.399993
0,0.80,10,0.885774,2.846819,0.929049,0.935311,-1.961044,-0.189495,4.239377
0,0.90,10,0.833056,2.839044,0.933227,0.936475,-2.005988,-0.339876,3.825405
0,1.00,10,0.809376,2.832409,0.936645,0.936645,-2.023033,-0.404282,3.642596
0,0.00,11,2.613754,2.895000,0.902000,0.887136,-0.281246,4.946262,18.015032
0,0.10,11,2.514775,2.897452,0.900620,0.888197,-0.382677,4.646872,17.220745
0,0.20,11,2.247796,2.898704,0.899874,0.891368,-0.650908,3.844684,15.083665
0,0.30,11,2.183119,2.900207,0.898914,0.891712,-0.717088,3.649150,14.564745
0,0.40,11,1.873536,2.897112,0.900486,0.898215,-1.023576,2.723496,12.091177
0,0.50,11,1.799439,2.898666,0.899606,0.897211,-1.099227,2.499651,11.496845
0,0.60,11,1.602858,2.895274,0.901434,0.901057,-1.292416,1.913301,9.927593
0,0.70,11,1.460090,2.894052,0.901688,0.901554,-1.433962,1.486217,8.786666
0,0.80,11,1.389188,2.889184,0.904280,0.904850,-1.499996,1.278380,8.224321
0,0.90,11,1.296705,2.884667,0.906563,0.907070,-1.587961,1.005449,7.488975
0,1.00,11,1.354389,2.881838,0.907821,0.907821,-1.527449,1.181329,7.953273
0,0.00,12,4.085681,2.878000,0.888500,0.895592,1.207681,9.379044,29.807451
0,0.10,12,3.796026,2.876486,0.889253,0.896035,0.919540,8.511592,27.491722
0,0.20,12,3.436327,2.873572,0.890751,0.899753,0.562755,7.435408,24.617041
0,0.30,12,3.299360,2.872386,0.891287,0.897790,0.426973,7.025693,23.522492
0,0.40,12,3.088647,2.871044,0.891900,0.897000,0.217603,6.394898,21.838134
0,0.50,12,2.852336,2.865489,0.894767,0.901035,-0.013153,5.691520,19.953201
0,0.60,12,2.764006,2.860862,0.897143,0.902905,-0.096857,5.431155,19.251184
0,0.70,12,2.545432,2.856036,0.899537,0.904267,-0.310604,4.780260,17.507420
0,0.80,12,2.416030,2.851780,0.901740,0.905050,-0.435750,4.396310,16.476458
0,0.90,12,2.299567,2.846141,0.904573,0.906359,-0.546574,4.052559,15.550392
0,1.00,12,2.212275,2.844465,0.905506,0.905506,-0.632190,3.792359,14.853734
0,0.00,13,2.588130,2.881000,0.896500,0.897259,-0.292870,4.883390,17.824040
0,0.10,13,2.424988,2.881076,0.896650,0.897997,-0.456088,4.393889,16.518830
0,0.20,13,2.259128,2.880728,0.897059,0.899296,-0.621600,3.896656,15.192296
0,0.30,13,2.218405,2.879237,0.898065,0.901718,-0.660832,3.775977,14.868001
0,0.40,13,2.037382,2.877101,0.899373,0.903682,-0.839718,3.235046,13.421956
0,0.50,13,1.921422,2.875031,0.900607,0.904714,-0.953609,2.889235,12.496344
0,0.60,13,1.900954,2.874404,0.901113,0.904188,-0.973450,2.828457,12.333224
0,0.70,13,1.850283,2.870067,0.903619,0.906671,-1.019784,2.680783,11.932198
0,0.80,13,1.766116,2.867212,0.905159,0.907324,-1.101096,2.431135,11.261713
0,0.90,13,1.683289,2.862409,0.908075,0.909361,-1.179121,2.187457,10.603901
0,1.00,13,1.402750,2.859728,0.910011,0.910011,-1.456978,1.348522,8.362270
0,0.00,14,3.292962,2.898000,0.910000,0.894542,0.394962,6.980886,23.445697
0,0.10,14,3.195584,2.900771,0.908733,0.897329,0.294813,6.685981,22.663902
0,0.20,14,2.991726,2.902927,0.907853,0.899264,0.088799,6.072252,21.030884
0,0.30,14,2.827449,2.904559,0.907132,0.900440,-0.077110,5.577789,19.715036
0,0.40,14,2.576139,2.904126,0.907616,0.904039,-0.327987,4.824292,17.704988
0,0.50,14,2.566629,2.906310,0.906591,0.903183,-0.339682,4.793575,17.626718
0,0.60,14,2.449898,2.906419,0.906720,0.904533,-0.456521,4.443276,16.692768
0,0.70,14,2.077346,2.904189,0.908052,0.907217,-0.826843,3.327848,13.714578
0,0.80,14,1.961842,2.902561,0.909014,0.908767,-0.940720,2.982963,12.792171
0,0.90,14,1.914417,2.904085,0.908215,0.908016,-0.989668,2.839167,12.411254
0,1.00,14,1.711752,2.899633,0.910671,0.910671,-1.187881,2.235623,10.794384
0,0.00,15,1.993509,2.889000,0.899500,0.861072,-0.895491,3.091527,13.059071
0,0.10,15,1.795423,2.895745,0.895936,0.863864,-1.100322,2.490523,11.467638
0,0.20,15,1.897431,2.903260,0.892003,0.862013,-1.005829,2.789033,12.276187
0,0.30,15,1.699184,2.908714,0.889074,0.864746,-1.209529,2.188840,10.684762
0,0.40,15,1.735658,2.915050,0.885707,0.865018,-1.179392,2.291924,10.970215
0,0.50,15,1.700155,2.920603,0.882823,0.866145,-1.220448,2.179863,10.680639
0,0.60,15,1.662204,2.925034,0.880439,0.867731,-1.262829,2.061579,10.372599
0,0.70,15,1.524883,2.933055,0.876226,0.866252,-1.408173,1.641593,9.266006
0,0.80,15,1.457426,2.937934,0.873719,0.867274,-1.480508,1.434344,8.721474
0,0.90,15,1.444614,2.940582,0.872068,0.869021,-1.495968,1.393259,8.616327
0,1.00,15,1.394202,2.948210,0.868304,0.868304,-1.554007,1.234398,8.205410
0,0.00,16,3.671203,2.892500,0.902500,0.874120,0.778703,8.121109,26.477124
0,0.10,16,3.618325,2.898001,0.899605,0.873548,0.720324,7.956973,26.048596
0,0.20,16,3.065980,2.902920,0.896963,0.874816,0.163060,6.295020,21.624920
0,0.30,16,2.818789,2.908318,0.894155,0.874685,-0.089528,5.548050,19.641997
0,0.40,16,2.572089,2.908314,0.894107,0.881518,-0.336225,4.807954,17.668399
0,0.50,16,2.528673,2.915746,0.890130,0.877760,-0.387073,4.670273,17.313638
0,0.60,16,2.132475,2.918531,0.888664,0.879440,-0.786055,3.478896,14.141272
0,0.70,16,2.029678,2.917004,0.889438,0.883840,-0.887326,3.172031,13.320423
0,0.80,16,1.752815,2.915604,0.890311,0.887263,-1.162789,2.342842,11.106918
0,0.90,16,1.518391,2.922401,0.886457,0.884674,-1.404010,1.632773,9.224730
0,1.00,16,1.316983,2.914746,0.890607,0.890607,-1.597763,1.036203,7.621118
0,0.00,17,3.348546,2.874500,0.888500,0.910699,0.474046,7.171138,23.913867
0,0.10,17,2.959932,2.869788,0.891055,0.914050,0.090143,6.010007,20.809666
0,0.20,17,2.565062,2.863898,0.894278,0.917388,-0.298836,4.831289,17.656602
0,0.30,17,2.055193,2.856421,0.898308,0.921193,-0.801229,3.309157,13.585119
0,0.40,17,1.881266,2.848314,0.902627,0.923818,-0.967048,2.795484,12.201814
0,0.50,17,1.459027,2.840021,0.907119,0.925737,-1.380995,1.537058,8.832191
0,0.60,17,1.446216,2.831395,0.911754,0.927256,-1.385180,1.507252,8.738330
0,0.70,17,1.085960,2.822398,0.916590,0.928628,-1.736439,0.435480,5.865278
0,0.80,17,1.029343,2.812303,0.922060,0.930450,-1.782960,0.275725,5.422438
0,0.90,17,1.063102,2.801153,0.928034,0.932427,-1.738052,0.388151,5.703659
0,1.00,17,0.960229,2.792143,0.932897,0.932897,-1.831915,0.088542,4.889685
0,0.00,18,2.549661,2.881000,0.892500,0.864541,-0.331339,4.767983,17.516288
0,0.10,18,2.536972,2.886473,0.889653,0.864030,-0.349501,4.724442,17.409302
0,0.20,18,2.479266,2.890690,0.887489,0.867443,-0.411424,4.547108,16.943437
0,0.30,18,2.298976,2.894426,0.885501,0.869170,-0.595450,4.002503,15.497384
0,0.40,18,2.201330,2.896970,0.884150,0.871626,-0.695639,3.707021,14.713671
0,0.50,18,2.088825,2.897876,0.883724,0.874948,-0.809051,3.368600,13.812725
0,0.60,18,2.049066,2.900921,0.882028,0.875047,-0.851855,3.246277,13.491606
0,0.70,18,2.019381,2.902777,0.881210,0.876372,-0.883396,3.155365,13.252268
0,0.80,18,2.062504,2.900662,0.882197,0.879621,-0.838158,3.286850,13.599368
0,0.90,18,1.811623,2.901071,0.882163,0.881015,-1.089448,2.533798,11.591913
0,1.00,18,1.941373,2.900918,0.882216,0.882216,-0.959545,2.923202,12.630068
0,0.00,19,3.229517,2.885000,0.895500,0.871453,0.344517,6.803552,22.951138
0,0.10,19,3.203160,2.888949,0.893437,0.874869,0.314212,6.720533,22.736335
0,0.20,19,2.868431,2.892248,0.891754,0.876768,-0.023817,5.713045,20.055201
0,0.30,19,2.779518,2.894233,0.890648,0.879327,-0.114715,5.444321,19.341911
0,0.40,19,2.782900,2.896656,0.889406,0.880265,-0.113756,5.452045,19.366548
0,0.50,19,2.331366,2.895091,0.890307,0.885113,-0.563725,4.099007,15.755839
0,0.60,19,2.251459,2.895207,0.890180,0.886634,-0.643748,3.859170,15.116465
0,0.70,19,2.242258,2.893384,0.890962,0.889017,-0.651126,3.833389,15.044678
0,0.80,19,2.093494,2.892149,0.891739,0.890798,-0.798655,3.388332,13.855801
0,0.90,19,2.057758,2.889774,0.893082,0.892813,-0.832016,3.283500,13.572289
0,1.00,19,1.966577,2.889012,0.893365,0.893365,-0.922435,3.010719,12.843605
10,0.00,0,2.123790,2.895500,0.903000,0.981801,-0.771710,3.475869,14.094818
10,0.10,0,1.755916,2.880113,0.910985,0.982851,-1.124197,2.387634,11.167212
10,0.20,0,1.506466,2.864322,0.919183,0.983917,-1.357856,1.655075,9.187404
10,0.30,0,1.319564,2.848548,0.927382,0.984272,-1.528984,1.110143,7.707960
10,0.40,0,1.103063,2.832403,0.935766,0.984914,-1.729340,0.476785,5.992099
10,0.50,0,0.999985,2.816634,0.943952,0.984905,-1.816649,0.183321,5.183246
10,0.60,0,1.025887,2.800591,0.952284,0.985141,-1.774704,0.277069,5.406502
10,0.70,0,0.925809,2.784358,0.960722,0.985460,-1.858549,-0.006931,4.622113
10,0.80,0,0.922878,2.767644,0.969386,0.985983,-1.844766,0.000990,4.615381
10,0.90,0,0.962702,2.752030,0.977506,0.985785,-1.789327,0.136077,4.949588
10,1.00,0,0.914727,2.735314,0.986184,0.986184,-1.820586,0.008869,4.582506
10,0.00,1,1.604397,2.897000,0.903500,0.961220,-1.292603,1.916191,9.938176
10,0.10,1,1.475888,2.885440,0.909433,0.962829,-1.409551,1.542225,8.921667
10,0.20,1,1.292882,2.873590,0.915513,0.963564,-1.580708,1.005056,7.469467
10,0.30,1,1.047603,2.861275,0.921856,0.964686,-1.813672,0.281534,5.519548
10,0.40,1,0.892504,2.848898,0.928195,0.965238,-1.956394,-0.171385,4.291137
10,0.50,1,0.786504,2.836570,0.934538,0.965577,-2.050066,-0.477058,3.455462
10,0.60,1,0.819234,2.823278,0.941335,0.966559,-2.004045,-0.365577,3.730591
10,0.70,1,0.654396,2.810312,0.948090,0.967199,-2.155916,-0.847123,2.424857
10,0.80,1,0.678644,2.797192,0.954836,0.967670,-2.118548,-0.761261,2.631958
10,0.90,1,0.690784,2.784246,0.961441,0.967879,-2.093463,-0.711895,2.742023
10,1.00,1,0.669149,2.771967,0.967737,0.967737,-2.102818,-0.764521,2.581223
10,0.00,2,1.392395,2.879500,0.894000,0.981472,-1.487105,1.297684,8.259657
10,0.10,2,1.035774,2.863105,0.902829,0.982285,-1.827332,0.244216,5.423085
10,0.20,2,0.861579,2.846282,0.911890,0.983449,-1.984702,-0.261543,4.046354
10,0.30,2,0.722841,2.829506,0.920902,0.983672,-2.106665,-0.660983,2.953222
10,0.40,2,0.546191,2.812279,0.930173,0.984432,-2.266088,-1.173706,1.557249
10,0.50,2,0.533300,2.794863,0.939547,0.985093,-2.261563,-1.194964,1.471533
10,0.60,2,0.466533,2.777634,0.948813,0.985354,-2.311101,-1.378036,0.954629
10,0.70,2,0.483732,2.760342,0.958103,0.985576,-2.276610,-1.309146,1.109513
10,0.80,2,0.421938,2.743062,0.967402,0.985753,-2.321124,-1.477249,0.632440
10,0.90,2,0.482330,2.725499,0.976845,0.986050,-2.243169,-1.278510,1.133137
10,1.00,2,0.588273,2.707816,0.986364,0.986364,-2.119543,-0.942996,1.998370
10,0.00,3,1.962389,2.875500,0.885500,0.965019,-0.913111,3.011666,12.823609
10,0.10,3,1.733063,2.860058,0.893537,0.965869,-1.126995,2.339131,11.004448
10,0.20,3,1.594367,2.844525,0.901639,0.966196,-1.250159,1.938575,9.910407
10,0.30,3,1.516408,2.829107,0.909658,0.966028,-1.312699,1.720117,9.302157
10,0.40,3,1.223953,2.813432,0.917774,0.966185,-1.589480,0.858426,6.978189
10,0.50,3,1.138443,2.797454,0.926099,0.966697,-1.659010,0.617877,6.310094
10,0.60,3,1.031616,2.781528,0.934462,0.967103,-1.749911,0.313321,5.471403
10,0.70,3,1.068888,2.766226,0.942391,0.966773,-1.697338,0.440438,5.784879
10,0.80,3,1.026287,2.751082,0.950249,0.966436,-1.724795,0.327778,5.459212
10,0.90,3,1.049207,2.734521,0.958833,0.966981,-1.685314,0.413100,5.659137
10,1.00,3,1.067504,2.718569,0.967215,0.967215,-1.651064,0.483945,5.821466
10,0.00,4,2.196650,2.901500,0.909000,0.980637,-0.704850,3.688450,14.671700
10,0.10,4,1.828763,2.887319,0.916386,0.982863,-1.058557,2.598969,11.742783
10,0.20,4,1.619900,2.872662,0.924029,0.984146,-1.252763,1.987036,10.086534
10,0.30,4,1.442413,2.857622,0.931862,0.985207,-1.415209,1.469617,8.681682
10,0.40,4,1.151385,2.842235,0.939881,0.986203,-1.690850,0.611919,6.368843
10,0.50,4,0.850362,2.826855,0.947885,0.986771,-1.976494,-0.275770,3.976038
10,0.60,4,0.650950,2.811336,0.955982,0.987303,-2.160386,-0.858485,2.396266
10,0.70,4,0.616059,2.795527,0.964212,0.987875,-2.179469,-0.947351,2.132942
10,0.80,4,0.468096,2.780159,0.972228,0.988035,-2.312063,-1.375871,0.964607
10,0.90,4,0.532518,2.764771,0.980272,0.988191,-2.232253,-1.167217,1.495373
10,1.00,4,0.465864,2.749281,0.988335,0.988335,-2.283417,-1.351690,0.977628
10,0.00,5,3.168480,2.880500,0.888000,0.948803,0.287980,6.624939,22.467336
10,0.10,5,2.986935,2.868216,0.894255,0.950555,0.118718,6.092588,21.027262
10,0.20,5,2.773829,2.855446,0.900772,0.951860,-0.081617,5.466040,19.335182
10,0.30,5,2.487068,2.842230,0.907520,0.953067,-0.355161,4.618975,17.054317
10,0.40,5,2.149497,2.828569,0.914534,0.954334,-0.679072,3.619923,14.367411
10,0.50,5,1.926722,2.814917,0.921481,0.954962,-0.888195,2.965249,12.598858
10,0.60,5,1.793156,2.800643,0.928776,0.955960,-1.007487,2.578825,11.544604
10,0.70,5,1.571697,2.786081,0.936215,0.956879,-1.214384,1.929009,9.787492
10,0.80,5,1.481328,2.772307,0.943246,0.957058,-1.290979,1.671677,9.078318
10,0.90,5,1.412726,2.757555,0.950855,0.957839,-1.344829,1.480622,8.544251
10,1.00,5,1.545463,2.743710,0.957900,0.957900,-1.198247,1.892679,9.619994
10,0.00,6,0.840283,2.891500,0.899500,0.971235,-2.051217,-0.370652,3.830762
10,0.10,6,0.727483,2.877661,0.906679,0.971294,-2.150178,-0.695213,2.942200
10,0.20,6,0.531391,2.863642,0.913948,0.971739,-2.332251,-1.269469,1.387486
10,0.30,6,0.374691,2.849293,0.921391,0.972470,-2.474602,-1.725220,0.148234
10,0.40,6,0.398272,2.835276,0.928674,0.972435,-2.437005,-1.640461,0.350897
10,0.50,6,0.291338,2.820723,0.936218,0.972936,-2.529384,-1.946707,-0.490016
10,0.60,6,0.376112,2.806171,0.943769,0.973281,-2.430059,-1.677834,0.202727
10,0.70,6,0.353460,2.792079,0.951054,0.973148,-2.438619,-1.731699,0.035602
10,0.80,6,0.325081,2.777501,0.958667,0.973458,-2.452421,-1.802260,-0.176857
10,0.90,6,0.463644,2.762770,0.966287,0.973708,-2.299126,-1.371838,0.946382
10,1.00,6,0.394640,2.748681,0.973632,0.973632,-2.354041,-1.564762,0.408435
10,0.00,7,1.781692,2.897500,0.905000,0.988996,-1.115808,2.447577,11.356039
10,0.10,7,1.451901,2.881077,0.913539,0.990388,-1.429176,1.474627,8.734133
10,0.20,7,1.328421,2.864418,0.922201,0.991007,-1.535998,1.120843,7.762946
10,0.30,7,1.082887,2.847577,0.930962,0.991539,-1.764691,0.401083,5.815516
10,0.40,7,0.960668,2.830780,0.939699,0.991748,-1.870112,0.051225,4.854568
10,0.50,7,0.872663,2.813722,0.948577,0.992153,-1.941059,-0.195732,4.167585
10,0.60,7,0.557258,2.796486,0.957538,0.992563,-2.239228,-1.124712,1.661577
10,0.70,7,0.705752,2.779464,0.966400,0.992714,-2.073712,-0.662207,2.866554
10,0.80,7,0.598595,2.762267,0.975352,0.992940,-2.163672,-0.966483,2.026490
10,0.90,7,0.736044,2.745466,0.984086,0.992874,-2.009423,-0.537336,3.142882
10,1.00,7,0.572110,2.728427,0.992957,0.992957,-2.156317,-1.012098,1.848451
10,0.00,8,2.558735,2.888000,0.898500,0.972749,-0.329265,4.788204,17.581877
10,0.10,8,2.488827,2.873925,0.905998,0.973479,-0.385098,4.592557,17.036694
10,0.20,8,2.196887,2.859007,0.913951,0.975754,-0.662120,3.731653,14.716087
10,0.30,8,2.086818,2.843592,0.922152,0.977339,-0.756773,3.416863,13.850953
10,0.40,8,1.841467,2.828091,0.930416,0.978291,-0.986624,2.696310,11.903644
10,0.50,8,1.677831,2.812234,0.938853,0.979206,-1.134402,2.221260,10.610416
10,0.60,8,1.530696,2.796095,0.947418,0.980031,-1.265398,1.795995,9.449477
10,0.70,8,1.376134,2.780325,0.955840,0.980414,-1.404191,1.348077,8.228747
10,0.80,8,1.502863,2.763899,0.964552,0.981066,-1.261036,1.744691,9.259009
10,0.90,8,1.448489,2.748320,0.972862,0.981125,-1.299830,1.597148,8.839595
10,1.00,8,1.440566,2.732176,0.981450,0.981450,-1.291610,1.589522,8.792352
10,0.00,9,2.279271,2.893000,0.903000,0.977949,-0.613729,3.944814,15.341170
10,0.10,9,2.096152,2.878400,0.910637,0.979369,-0.782248,3.410055,13.890814
10,0.20,9,1.933721,2.863553,0.918403,0.980015,-0.929832,2.937609,12.606213
10,0.30,9,1.792810,2.848537,0.926245,0.980483,-1.055727,2.529894,11.493945
10,0.40,9,1.665071,2.833333,0.934177,0.980944,-1.168262,2.161880,10.487234
10,0.50,9,1.624905,2.817946,0.942251,0.981502,-1.193041,2.056769,10.181296
10,0.60,9,1.503634,2.802812,0.950122,0.981537,-1.299178,1.708090,9.226260
10,0.70,9,1.494388,2.786853,0.958494,0.982277,-1.292465,1.696310,9.168249
10,0.80,9,1.430812,2.771714,0.966422,0.982278,-1.340902,1.520722,8.674781
10,0.90,9,1.390969,2.755794,0.974694,0.982660,-1.364825,1.417112,8.371954
10,1.00,9,1.434521,2.740611,0.982590,0.982590,-1.306091,1.562951,8.735554
10,0.00,10,1.782484,2.895000,0.904000,0.969793,-1.112516,2.452453,11.364874
10,0.10,10,1.696375,2.882402,0.910599,0.969991,-1.186027,2.206722,10.688596
10,0.20,10,1.638320,2.869675,0.917271,0.970354,-1.231355,2.045285,10.236885
10,0.30,10,1.475194,2.856731,0.924046,0.970819,-1.381537,1.568852,8.944823
10,0.40,10,1.500666,2.843774,0.930847,0.971117,-1.343108,1.658223,9.161553
10,0.50,10,1.311861,2.830534,0.937774,0.971547,-1.518673,1.105048,7.664353
10,0.60,10,1.395040,2.817240,0.944762,0.971936,-1.422200,1.367880,8.343078
10,0.70,10,1.400623,2.804032,0.951700,0.972143,-1.403408,1.397839,8.400956
10,0.80,10,1.376358,2.790713,0.958687,0.972359,-1.414355,1.338361,8.220151
10,0.90,10,1.375851,2.777492,0.965609,0.972455,-1.401641,1.350060,8.229314
10,1.00,10,1.417670,2.763803,0.972793,0.972793,-1.346133,1.489207,8.577556
10,0.00,11,1.920360,2.885000,0.893000,0.985897,-0.964640,2.876080,12.477879
10,0.10,11,1.629060,2.866920,0.902373,0.986730,-1.237860,2.020259,10.165559
10,0.20,11,1.469290,2.848621,0.911862,0.987312,-1.379331,1.559248,8.905697
10,0.30,11,1.120171,2.830135,0.921452,0.987840,-1.709964,0.530378,6.131232
10,0.40,11,0.979812,2.811462,0.931137,0.988342,-1.831650,0.127973,5.027030
10,0.50,11,0.988386,2.793033,0.940704,0.988408,-1.804647,0.172124,5.114053
10,0.60,11,0.843090,2.774084,0.950524,0.988874,-1.930994,-0.244814,3.970636
10,0.70,11,0.895718,2.755559,0.960130,0.988900,-1.859841,-0.068405,4.410184
10,0.80,11,0.978145,2.737058,0.969733,0.988917,-1.758913,0.197377,5.088101
10,0.90,11,0.976306,2.718109,0.979550,0.989167,-1.741803,0.210809,5.092340
10,1.00,11,0.987908,2.699477,0.989232,0.989232,-1.711569,0.264246,5.203784
10,0.00,12,1.537512,2.909500,0.915000,0.984588,-1.371988,1.703036,9.390596
10,0.10,12,1.209878,2.896031,0.922020,0.985197,-1.686153,0.733604,6.782996
10,0.20,12,0.961285,2.882227,0.929217,0.986085,-1.920941,0.001629,4.808057
10,0.30,12,0.761293,2.868357,0.936446,0.986488,-2.107064,-0.584479,3.221984
10,0.40,12,0.717558,2.854210,0.943817,0.987042,-2.136652,-0.701536,2.886255
10,0.50,12,0.569696,2.840263,0.951098,0.987196,-2.270567,-1.131176,1.717303
10,0.60,12,0.570255,2.826195,0.958430,0.987383,-2.255940,-1.115431,1.735843
10,0.70,12,0.590300,2.812098,0.965792,0.987561,-2.221797,-1.041197,1.910305
10,0.80,12,0.591268,2.797812,0.973241,0.987801,-2.206544,-1.024008,1.932330
10,0.90,12,0.492034,2.783555,0.980654,0.987949,-2.291521,-1.307454,1.152715
10,1.00,12,0.492942,2.769405,0.988035,0.988035,-2.276462,-1.290578,1.174134
10,0.00,13,1.760576,2.887000,0.898500,0.972325,-1.126424,2.394728,11.197607
10,0.10,13,1.484141,2.872275,0.906234,0.975842,-1.388133,1.580149,9.000855
10,0.20,13,1.299628,2.856865,0.914345,0.977726,-1.557237,1.042018,7.540158
10,0.30,13,1.006453,2.841052,0.922653,0.979010,-1.834600,0.178306,5.210569
10,0.40,13,0.765280,2.824920,0.931125,0.980062,-2.059639,-0.529078,3.297324
10,0.50,13,0.613933,2.808083,0.939975,0.981450,-2.194150,-0.966283,2.103385
10,0.60,13,0.544989,2.791468,0.948714,0.982191,-2.246479,-1.156500,1.568446
10,0.70,13,0.416264,2.775373,0.957176,0.982322,-2.359109,-1.526581,0.554739
10,0.80,13,0.409289,2.758268,0.966167,0.983084,-2.348979,-1.530400,0.516048
10,0.90,13,0.327837,2.742056,0.974708,0.983175,-2.414219,-1.758544,-0.119357
10,1.00,13,0.323904,2.725574,0.983387,0.983387,-2.401670,-1.753861,-0.134341
10,0.00,14,2.556257,2.896000,0.906500,0.972091,-0.339743,4.772771,17.554056
10,0.10,14,2.265065,2.883455,0.913174,0.973238,-0.618390,3.911740,15.237065
10,0.20,14,2.171829,2.871146,0.919707,0.972535,-0.699317,3.644341,14.503486
10,0.30,14,2.078697,2.858365,0.926480,0.973100,-0.779668,3.377725,13.771208
10,0.40,14,2.003150,2.845832,0.933124,0.973061,-0.842681,3.163620,13.179371
10,0.50,14,1.900592,2.832783,0.940037,0.973575,-0.932191,2.868993,12.371952
10,0.60,14,1.758644,2.819604,0.947078,0.974131,-1.060960,2.456327,11.249546
10,0.70,14,1.713488,2.806453,0.954037,0.974410,-1.092964,2.334012,10.901453
10,0.80,14,1.804989,2.794304,0.960451,0.973939,-0.989315,2.620662,11.645606
10,0.90,14,1.623042,2.780599,0.967800,0.974612,-1.157557,2.088527,10.203738
10,1.00,14,1.771350,2.767334,0.974759,0.974759,-0.995984,2.546716,11.403467
10,0.00,15,2.755466,2.895000,0.903000,0.982941,-0.139534,5.371397,19.148725
10,0.10,15,2.371560,2.879271,0.911190,0.984903,-0.507711,4.235409,16.093207
10,0.20,15,2.022505,2.862993,0.919666,0.986332,-0.840488,3.204521,13.317045
10,0.30,15,1.732678,2.846446,0.928294,0.987313,-1.113768,2.351588,11.014978
10,0.40,15,1.534251,2.829478,0.937127,0.988318,-1.295228,1.773273,9.444526
10,0.50,15,1.308709,2.812510,0.945983,0.988967,-1.503800,1.113618,7.657165
10,0.60,15,1.128676,2.795672,0.954754,0.989256,-1.666997,0.590355,6.233733
10,0.70,15,0.946633,2.778694,0.963602,0.989574,-1.832061,0.061205,4.794368
10,0.80,15,0.983271,2.761664,0.972474,0.989842,-1.778393,0.188150,5.104506
10,0.90,15,0.993534,2.744675,0.981344,0.990049,-1.751141,0.235926,5.203594
10,1.00,15,0.934026,2.727659,0.990212,0.990212,-1.793633,0.074419,4.744548
10,0.00,16,1.164809,2.890000,0.902000,0.983433,-1.725191,0.604428,6.428475
10,0.10,16,0.990441,2.874621,0.910203,0.984025,-1.884180,0.096702,5.048905
10,0.20,16,0.770996,2.859165,0.918449,0.984243,-2.088169,-0.546177,3.308803
10,0.30,16,0.719140,2.843578,0.926770,0.984566,-2.124438,-0.686159,2.909540
10,0.40,16,0.588900,2.827976,0.935096,0.984739,-2.239076,-1.061276,1.883223
10,0.50,16,0.625561,2.812023,0.943605,0.985209,-2.186463,-0.935342,2.192461
10,0.60,16,0.597542,2.796448,0.951917,0.985194,-2.198906,-1.003822,1.983887
10,0.70,16,0.618195,2.780742,0.960290,0.985271,-2.162547,-0.926158,2.164816
10,0.80,16,0.612958,2.765014,0.968690,0.985363,-2.152056,-0.926139,2.138654
10,0.90,16,0.543337,2.749310,0.977100,0.985444,-2.205974,-1.119301,1.597382
10,1.00,16,0.527272,2.733360,0.985592,0.985592,-2.206088,-1.151543,1.484819
10,0.00,17,2.268578,2.888500,0.897000,0.972212,-0.619922,3.917233,15.260123
10,0.10,17,1.909780,2.873599,0.904756,0.974556,-0.963819,2.855741,12.404640
10,0.20,17,1.766686,2.857909,0.912932,0.976659,-1.091222,2.442150,11.275580
10,0.30,17,1.592173,2.842303,0.921045,0.977151,-1.250131,1.934215,9.895079
10,0.40,17,1.510267,2.826014,0.929536,0.978339,-1.315746,1.704789,9.256126
10,0.50,17,1.247847,2.809252,0.938267,0.979535,-1.561405,0.934289,7.173524
10,0.60,17,1.214212,2.793061,0.946687,0.979812,-1.578849,0.849575,6.920635
10,0.70,17,1.051724,2.776611,0.955228,0.980183,-1.724887,0.378561,5.637182
10,0.80,17,1.068760,2.759629,0.964073,0.980842,-1.690869,0.446650,5.790449
10,0.90,17,1.172150,2.743074,0.972735,0.981150,-1.570923,0.773378,6.634130
10,1.00,17,1.127283,2.725619,0.981841,0.981841,-1.598336,0.656230,6.292643
10,0.00,18,2.408732,2.890500,0.898500,0.980371,-0.481768,4.335695,16.379353
10,0.10,18,2.235400,2.874526,0.906797,0.981473,-0.639126,3.831673,15.008672
10,0.20,18,1.845457,2.858358,0.915189,0.981943,-1.012901,2.678012,11.905296
10,0.30,18,1.836472,2.842124,0.923624,0.982248,-1.005652,2.667292,11.849651
10,0.40,18,1.619622,2.825735,0.932159,0.982648,-1.206113,2.033132,10.131243
10,0.50,18,1.484297,2.809057,0.940804,0.983107,-1.324760,1.643834,9.065318
10,0.60,18,1.347887,2.791963,0.949672,0.983786,-1.444076,1.251698,7.991132
10,0.70,18,1.393057,2.775668,0.958166,0.983738,-1.382612,1.403501,8.368784
10,0.80,18,1.272046,2.758689,0.966991,0.984113,-1.486643,1.057449,7.417681
10,0.90,18,1.369525,2.741873,0.975691,0.984267,-1.372349,1.366700,8.214323
10,1.00,18,1.481066,2.724810,0.984571,0.984571,-1.243745,1.718387,9.123715
10,0.00,19,2.253728,2.883500,0.897000,0.981599,-0.629772,3.877683,15.146322
10,0.10,19,2.041042,2.867524,0.905574,0.982744,-0.826482,3.255602,13.460812
10,0.20,19,1.807381,2.851368,0.914243,0.983215,-1.043988,2.570774,11.607677
10,0.30,19,1.652503,2.834866,0.923085,0.983951,-1.182363,2.122643,10.385158
10,0.40,19,1.309134,2.818337,0.931961,0.984403,-1.509202,1.109067,7.654739
10,0.50,19,1.180905,2.801470,0.941002,0.985003,-1.620564,0.741247,6.645774
10,0.60,19,1.072917,2.784913,0.949886,0.985144,-1.711996,0.433837,5.798420
10,0.70,19,0.936588,2.767698,0.959091,0.985701,-1.831110,0.042065,4.725004
10,0.80,19,0.912830,2.751304,0.967889,0.985611,-1.838474,-0.012814,4.551335
10,0.90,19,1.043584,2.734057,0.977146,0.986051,-1.690473,0.396696,5.614618
10,1.00,19,1.005820,2.717304,0.986087,0.986087,-1.711484,0.300156,5.329256
25,0.00,0,1.727800,2.887000,0.900000,0.986395,-1.159200,2.296400,10.935400
25,0.10,0,1.525679,2.870790,0.908686,0.986859,-1.345111,1.706247,9.334643
25,0.20,0,1.381947,2.854399,0.917461,0.987305,-1.472452,1.291441,8.201175
25,0.30,0,1.235157,2.837800,0.926357,0.987858,-1.602643,0.867671,7.043455
25,0.40,0,1.190625,2.821312,0.935195,0.987988,-1.630688,0.750561,6.703684
25,0.50,0,1.043394,2.804905,0.943986,0.987971,-1.761510,0.325278,5.542251
25,0.60,0,0.979448,2.788111,0.952971,0.988285,-1.808663,0.150232,5.047470
25,0.70,0,0.942787,2.771480,0.961889,0.988412,-1.828694,0.056879,4.770812
25,0.80,0,0.894182,2.754900,0.970767,0.988459,-1.860718,-0.072353,4.398558
25,0.90,0,0.968968,2.738052,0.979786,0.988651,-1.769084,0.168852,5.013691
25,1.00,0,1.041119,2.721160,0.988812,0.988812,-1.680041,0.402198,5.607795
25,0.00,1,0.630009,2.875500,0.890500,0.979779,-2.245491,-0.985474,2.164568
25,0.10,1,0.388301,2.858777,0.899498,0.980482,-2.470476,-1.693874,0.247630
25,0.20,1,0.325718,2.841696,0.908691,0.981456,-2.515978,-1.864542,-0.235951
25,0.30,1,0.267177,2.824753,0.917805,0.981517,-2.557576,-2.023221,-0.687335
25,0.40,1,0.315333,2.807756,0.926961,0.981652,-2.492422,-1.861756,-0.285089
25,0.50,1,0.307121,2.790807,0.936089,0.981677,-2.483686,-1.869444,-0.333840
25,0.60,1,0.197627,2.773794,0.945245,0.981741,-2.576167,-2.180912,-1.192777
25,0.70,1,0.317811,2.756619,0.954446,0.981852,-2.438809,-1.803187,-0.214135
25,0.80,1,0.322220,2.739742,0.963562,0.981827,-2.417522,-1.773082,-0.161981
25,0.90,1,0.355083,2.722185,0.973015,0.982184,-2.367102,-1.656937,0.118477
25,1.00,1,0.319388,2.705069,0.982268,0.982268,-2.385680,-1.746904,-0.149963
25,0.00,2,1.612004,2.888000,0.899000,0.957725,-1.275996,1.948012,10.008031
25,0.10,2,1.455177,2.876749,0.904958,0.958585,-1.421571,1.488783,8.764670
25,0.20,2,1.203609,2.865393,0.910978,0.958892,-1.661783,0.745435,6.763481
25,0.30,2,1.040469,2.853770,0.917140,0.959466,-1.813301,0.267637,5.469983
25,0.40,2,0.870263,2.842472,0.923116,0.959290,-1.972210,-0.231685,4.119628
25,0.50,2,0.833372,2.830532,0.929444,0.959888,-1.997160,-0.330417,3.836442
25,0.60,2,0.789710,2.819212,0.935427,0.959711,-2.029502,-0.450083,3.498466
25,0.70,2,0.693594,2.806400,0.942174,0.960677,-2.112807,-0.725620,2.742349
25,0.80,2,0.773136,2.795327,0.948126,0.960407,-2.022191,-0.475919,3.389761
25,0.90,2,0.729661,2.783225,0.954578,0.960753,-2.053564,-0.594243,3.054061
25,1.00,2,0.805682,2.770904,0.961025,0.961025,-1.965222,-0.353859,3.674551
25,0.00,3,1.568979,2.885500,0.897000,0.983233,-1.316521,1.821438,9.666333
25,0.10,3,1.385606,2.869172,0.905653,0.983530,-1.483566,1.287645,8.215673
25,0.20,3,1.147136,2.852653,0.914399,0.983997,-1.705517,0.588756,6.324438
25,0.30,3,0.893107,2.835948,0.923270,0.984568,-1.942841,-0.156628,4.308907
25,0.40,3,0.768415,2.819090,0.932187,0.984966,-2.050674,-0.513844,3.328231
25,0.50,3,0.658117,2.802278,0.941087,0.985173,-2.144161,-0.827927,2.462659
25,0.60,3,0.583857,2.785267,0.950119,0.985532,-2.201410,-1.033696,1.885590
25,0.70,3,0.709491,2.768635,0.958925,0.985465,-2.059144,-0.640162,2.907294
25,0.80,3,0.730469,2.751484,0.968002,0.985752,-2.021014,-0.560075,3.092272
25,0.90,3,0.637621,2.734508,0.977010,0.985900,-2.096886,-0.821643,2.366464
25,1.00,3,0.672773,2.717735,0.985908,0.985908,-2.044962,-0.699415,2.664451
25,0.00,4,1.900248,2.889000,0.900000,0.974612,-0.988752,2.811743,12.312980
25,0.10,4,1.696631,2.874766,0.907540,0.975400,-1.178135,2.215127,10.698281
25,0.20,4,1.553147,2.860328,0.915184,0.975922,-1.307181,1.799112,9.564845
25,0.30,4,1.372872,2.845616,0.922993,0.976644,-1.472744,1.273000,8.137359
25,0.40,4,1.070825,2.830509,0.931000,0.977499,-1.759684,0.381967,5.736094
25,0.50,4,1.080340,2.815571,0.938882,0.977764,-1.735231,0.425448,5.827145
25,0.60,4,1.085057,2.800416,0.946921,0.978202,-1.715359,0.454754,5.880038
25,0.70,4,1.025617,2.785132,0.955010,0.978585,-1.759514,0.291721,5.419807
25,0.80,4,0.981416,2.770422,0.962785,0.978482,-1.789005,0.173828,5.080910
25,0.90,4,1.088110,2.755796,0.970565,0.978405,-1.667685,0.508536,5.949088
25,1.00,4,1.000545,2.740787,0.978520,0.978520,-1.740242,0.260849,5.263577
25,0.00,5,1.782595,2.894500,0.904000,0.982275,-1.111905,2.453284,11.366258
25,0.10,5,1.544909,2.879529,0.911876,0.982762,-1.334620,1.755199,9.479745
25,0.20,5,1.394586,2.864566,0.919755,0.982775,-1.469979,1.319193,8.292124
25,0.30,5,1.282421,2.849207,0.927833,0.983445,-1.566787,0.998055,7.410159
25,0.40,5,1.216762,2.834115,0.935773,0.983433,-1.617354,0.816169,6.899977
25,0.50,5,0.986371,2.818695,0.943889,0.983778,-1.832324,0.140418,5.072272
25,0.60,5,0.864754,2.803463,0.951914,0.983856,-1.938709,-0.209202,4.114565
25,0.70,5,0.851478,2.788102,0.959993,0.983990,-1.936624,-0.233669,4.023720
25,0.80,5,0.792659,2.773030,0.967887,0.983859,-1.980371,-0.395054,3.568239
25,0.90,5,0.924790,2.757647,0.976022,0.984024,-1.832858,0.016722,4.640670
25,1.00,5,0.920377,2.742059,0.984195,0.984195,-1.821682,0.019073,4.620960
25,0.00,6,0.839216,2.885000,0.898000,0.979544,-2.045784,-0.367351,3.828730
25,0.10,6,0.646063,2.869676,0.906209,0.980092,-2.223613,-0.931487,2.298827
25,0.20,6,0.424390,2.854165,0.914523,0.980613,-2.429775,-1.580995,0.540956
25,0.30,6,0.319546,2.838513,0.922906,0.981020,-2.518966,-1.879874,-0.282142
25,0.40,6,0.359240,2.822828,0.931301,0.981251,-2.463588,-1.745109,0.051089
25,0.50,6,0.172208,2.806954,0.939793,0.981586,-2.634746,-2.290330,-1.429290
25,0.60,6,0.255637,2.791087,0.948287,0.981812,-2.535450,-2.024177,-0.745993
25,0.70,6,0.212378,2.774777,0.957020,0.982314,-2.562399,-2.137642,-1.075751
25,0.80,6,0.186766,2.758975,0.965495,0.982369,-2.572210,-2.198678,-1.264850
25,0.90,6,0.143182,2.742852,0.974111,0.982568,-2.599671,-2.313308,-1.597400
25,1.00,6,0.163893,2.726902,0.982611,0.982611,-2.563009,-2.235222,-1.415757
25,0.00,7,1.341571,2.900500,0.908000,0.964377,-1.558929,1.124213,7.832069
25,0.10,7,1.178336,2.889389,0.913780,0.965805,-1.711053,0.645620,6.537301
25,0.20,7,1.140674,2.877903,0.919752,0.966761,-1.737229,0.544119,6.247490
25,0.30,7,1.049584,2.866580,0.925642,0.966807,-1.816996,0.282173,5.530094
25,0.40,7,0.861233,2.854798,0.931774,0.967435,-1.993566,-0.271101,4.035062
25,0.50,7,0.815630,2.842847,0.937977,0.967954,-2.027217,-0.395958,3.682189
25,0.60,7,0.933295,2.831061,0.944106,0.968177,-1.897766,-0.031176,4.635299
25,0.70,7,0.935229,2.818779,0.950507,0.968724,-1.883550,-0.013091,4.663055
25,0.80,7,0.884626,2.807238,0.956517,0.968646,-1.922612,-0.153360,4.269769
25,0.90,7,0.929713,2.795187,0.962719,0.968799,-1.865474,-0.006049,4.642514
25,1.00,7,0.973799,2.782444,0.969385,0.969385,-1.808645,0.138952,5.007946
25,0.00,8,1.916640,2.885500,0.896500,0.976758,-0.968860,2.864421,12.447623
25,0.10,8,1.713675,2.870087,0.904645,0.977949,-1.156411,2.270940,10.839317
25,0.20,8,1.391793,2.854166,0.913051,0.979253,-1.462373,1.321214,8.280181
25,0.30,8,0.991111,2.838154,0.921504,0.979847,-1.847043,0.135179,5.090733
25,0.40,8,0.887406,2.821834,0.930134,0.980585,-1.934428,-0.159617,4.277412
25,0.50,8,0.725204,2.805312,0.938865,0.981230,-2.080108,-0.629700,2.996319
25,0.60,8,0.614536,2.788820,0.947600,0.981666,-2.174284,-0.945213,2.127465
25,0.70,8,0.646140,2.772803,0.956002,0.981503,-2.126663,-0.834384,2.396314
25,0.80,8,0.551887,2.755819,0.965032,0.982165,-2.203931,-1.100157,1.659279
25,0.90,8,0.693212,2.739417,0.973658,0.982231,-2.046204,-0.659779,2.806283
25,1.00,8,0.791561,2.722602,0.982523,0.982523,-1.931040,-0.347918,3.609889
25,0.00,9,1.341331,2.904500,0.910500,0.949991,-1.563169,1.119493,7.826149
25,0.10,9,1.083223,2.896753,0.914541,0.950905,-1.813530,0.352916,5.769031
25,0.20,9,1.139373,2.888821,0.918675,0.951377,-1.749447,0.529299,6.226166
25,0.30,9,0.902397,2.880559,0.922975,0.952083,-1.978162,-0.173368,4.338617
25,0.40,9,0.822450,2.872174,0.927349,0.952623,-2.049724,-0.404824,3.707426
25,0.50,9,0.788162,2.863755,0.931727,0.952954,-2.075593,-0.499270,3.441539
25,0.60,9,0.827274,2.854813,0.936444,0.953741,-2.027540,-0.372992,3.763378
25,0.70,9,0.870556,2.845979,0.940989,0.954056,-1.975423,-0.234311,4.118470
25,0.80,9,0.890311,2.837262,0.945548,0.954309,-1.946951,-0.166330,4.285223
25,0.90,9,0.857588,2.828490,0.950147,0.954552,-1.970902,-0.255726,4.032213
25,1.00,9,0.911219,2.819912,0.954574,0.954574,-1.908694,-0.086256,4.469838
25,0.00,10,3.365726,2.895500,0.903500,0.983223,0.470226,7.201677,24.030307
25,0.10,10,3.088444,2.880049,0.911544,0.983944,0.208395,6.385284,21.827504
25,0.20,10,2.898119,2.864242,0.919780,0.984901,0.033877,5.830115,20.320711
25,0.30,10,2.609862,2.848400,0.928025,0.985249,-0.238538,4.981185,18.030493
25,0.40,10,2.205401,2.832243,0.936446,0.985865,-0.626842,3.783960,14.810966
25,0.50,10,1.922016,2.816352,0.944725,0.985951,-0.894336,2.949695,12.559774
25,0.60,10,1.530187,2.799832,0.953329,0.986549,-1.269645,1.790729,9.441663
25,0.70,10,1.285799,2.783553,0.961821,0.986815,-1.497754,1.073844,7.502841
25,0.80,10,1.189567,2.767677,0.970096,0.986745,-1.578110,0.801025,6.748863
25,0.90,10,1.188005,2.751399,0.978588,0.986931,-1.563394,0.812615,6.752637
25,1.00,10,1.199868,2.735248,0.987002,0.987002,-1.535380,0.864356,6.863697
25,0.00,11,0.487849,2.880000,0.891500,0.983286,-2.392151,-1.416452,1.022795
25,0.10,11,0.424878,2.862558,0.900705,0.983552,-2.437680,-1.587923,0.536469
25,0.20,11,0.403707,2.845122,0.909903,0.983514,-2.441415,-1.634001,0.384533
25,0.30,11,0.272137,2.827432,0.919253,0.984011,-2.555295,-2.011021,-0.650336
25,0.40,11,0.126128,2.809225,0.928868,0.984920,-2.683097,-2.430842,-1.800204
25,0.50,11,0.060101,2.791034,0.938465,0.985430,-2.730933,-2.610732,-2.310229
25,0.60,11,0.089682,2.773201,0.947856,0.985427,-2.683519,-2.504154,-2.055744
25,0.70,11,0.000000,2.755096,0.957449,0.985712,-2.755096,-2.755096,-2.755096
25,0.80,11,0.033836,2.736601,0.967193,0.986117,-2.702765,-2.635093,-2.465912
25,0.90,11,0.184789,2.718896,0.976520,0.985966,-2.534108,-2.164531,-1.240588
25,1.00,11,0.120635,2.701227,0.985849,0.985849,-2.580592,-2.339323,-1.736149
25,0.00,12,1.205900,2.896500,0.903500,0.969339,-1.690600,0.721201,6.750702
25,0.10,12,0.983457,2.883716,0.910097,0.969469,-1.900259,0.066655,4.983939
25,0.20,12,0.801946,2.870869,0.916722,0.969610,-2.068923,-0.465032,3.544697
25,0.30,12,0.621551,2.857844,0.923439,0.969963,-2.236293,-0.993191,2.114564
25,0.40,12,0.484437,2.844919,0.930120,0.970049,-2.360483,-1.391610,1.030573
25,0.50,12,0.286538,2.831705,0.936965,0.970430,-2.545167,-1.972091,-0.539401
25,0.60,12,0.260275,2.818767,0.943639,0.970398,-2.558492,-2.037942,-0.736566
25,0.70,12,0.222994,2.804296,0.951100,0.971499,-2.581302,-2.135314,-1.020344
25,0.80,12,0.244209,2.791969,0.957510,0.971013,-2.547760,-2.059341,-0.838294
25,0.90,12,0.322466,2.778150,0.964620,0.971411,-2.455684,-1.810753,-0.198425
25,1.00,12,0.264944,2.765300,0.971289,0.971289,-2.500357,-1.970470,-0.645752
25,0.00,13,1.116402,2.884500,0.893500,0.991125,-1.768098,0.464705,6.046713
25,0.10,13,1.056255,2.865699,0.903309,0.991594,-1.809444,0.303066,5.584341
25,0.20,13,0.844103,2.846815,0.913157,0.991785,-2.002712,-0.314505,3.906012
25,0.30,13,0.718472,2.827887,0.923034,0.991946,-2.109415,-0.672472,2.919888
25,0.40,13,0.722319,2.808990,0.932895,0.991988,-2.086671,-0.642034,2.969560
25,0.50,13,0.697762,2.789761,0.942923,0.992346,-2.091999,-0.696474,2.792337
25,0.60,13,0.627241,2.770892,0.952765,0.992275,-2.143652,-0.889171,2.247032
25,0.70,13,0.613806,2.751806,0.962712,0.992375,-2.137999,-0.910387,2.158644
25,0.80,13,0.605056,2.732748,0.972674,0.992468,-2.127693,-0.917581,2.107697
25,0.90,13,0.586630,2.713526,0.982696,0.992607,-2.126896,-0.953635,1.979516
25,1.00,13,0.668487,2.694685,0.992525,0.992525,-2.026198,-0.689224,2.653212
25,0.00,14,1.782957,2.891500,0.902500,0.991399,-1.108543,2.457372,11.372158
25,0.10,14,1.591184,2.874598,0.911462,0.992120,-1.283414,1.898954,9.854874
25,0.20,14,1.294494,2.857512,0.920523,0.992617,-1.563019,1.025969,7.498438
25,0.30,14,1.222852,2.840153,0.929722,0.993240,-1.617300,0.828404,6.942665
25,0.40,14,0.963065,2.822724,0.938961,0.993652,-1.859659,0.066471,4.881795
25,0.50,14,0.855737,2.805269,0.948216,0.993931,-1.949531,-0.238057,4.040629
25,0.60,14,0.640792,2.787878,0.957434,0.994056,-2.147086,-0.865501,2.338462
25,0.70,14,0.827473,2.770443,0.966681,0.994187,-1.942970,-0.288025,3.849338
25,0.80,14,0.716836,2.752802,0.976033,0.994416,-2.035966,-0.602294,2.981887
25,0.90,14,0.843680,2.735303,0.985317,0.994519,-1.891623,-0.204263,4.014137
25,1.00,14,0.926006,2.717752,0.994606,0.994606,-1.791746,0.060267,4.690300
25,0.00,15,2.077505,2.885000,0.896000,0.925301,-0.807495,3.347514,13.735036
25,0.10,15,1.731519,2.879280,0.899049,0.926493,-1.147761,2.315276,10.972870
25,0.20,15,1.520505,2.873568,0.902101,0.926507,-1.353064,1.687946,9.290469
25,0.30,15,1.449606,2.866618,0.905768,0.928560,-1.417012,1.482201,8.730231
25,0.40,15,1.208092,2.859052,0.909773,0.930433,-1.650960,0.765224,6.805683
25,0.50,15,0.909601,2.852589,0.913172,0.930345,-1.942988,-0.123786,4.424220
25,0.60,15,0.801204,2.844899,0.917225,0.931376,-2.043695,-0.441287,3.564734
25,0.70,15,0.918990,2.838111,0.920880,0.931543,-1.919121,-0.081140,4.513812
25,0.80,15,0.839629,2.829544,0.925345,0.932681,-1.989915,-0.310657,3.887489
25,0.90,15,0.857219,2.821406,0.929651,0.933390,-1.964188,-0.249751,4.036342
25,1.00,15,0.845377,2.816150,0.932386,0.932386,-1.970773,-0.280020,3.946864
25,0.00,16,0.626197,2.876500,0.889000,0.985578,-2.250303,-0.997908,2.133080
25,0.10,16,0.542979,2.858187,0.898701,0.986009,-2.315209,-1.229251,1.485644
25,0.20,16,0.369653,2.839698,0.908503,0.986514,-2.470045,-1.730739,0.117526
25,0.30,16,0.299414,2.821071,0.918372,0.986906,-2.521657,-1.922828,-0.425758
25,0.40,16,0.317463,2.802445,0.928239,0.987098,-2.484981,-1.850055,-0.262738
25,0.50,16,0.278969,2.783911,0.938061,0.987122,-2.504942,-1.947003,-0.552157
25,0.60,16,0.343762,2.765067,0.948049,0.987416,-2.421305,-1.733782,-0.014972
25,0.70,16,0.372073,2.746380,0.957948,0.987497,-2.374307,-1.630161,0.230204
25,0.80,16,0.357377,2.727601,0.967907,0.987634,-2.370224,-1.655469,0.131418
25,0.90,16,0.374553,2.708769,0.977870,0.987744,-2.334215,-1.585109,0.287658
25,1.00,16,0.348479,2.690415,0.987570,0.987570,-2.341937,-1.644979,0.097415
25,0.00,17,1.039249,2.877000,0.887500,0.969768,-1.837751,0.240747,5.436992
25,0.10,17,0.882534,2.861137,0.895797,0.970468,-1.978602,-0.213534,4.199138
25,0.20,17,0.823659,2.845195,0.904133,0.970665,-2.021536,-0.374218,3.744076
25,0.30,17,0.571148,2.829016,0.912579,0.971097,-2.257868,-1.115573,1.740166
25,0.40,17,0.576033,2.813066,0.920937,0.971092,-2.237033,-1.084967,1.795200
25,0.50,17,0.589614,2.796802,0.929448,0.971397,-2.207188,-1.027959,1.920114
25,0.60,17,0.682954,2.779977,0.938216,0.972026,-2.097023,-0.731114,2.683656
25,0.70,17,0.616333,2.763523,0.946822,0.972246,-2.147190,-0.914523,2.167143
25,0.80,17,0.568607,2.747593,0.955154,0.972067,-2.178986,-1.041773,1.801261
25,0.90,17,0.628300,2.730692,0.964005,0.972506,-2.102392,-0.845792,2.295708
25,1.00,17,0.579221,2.714886,0.972269,0.972269,-2.135665,-0.977222,1.918884
25,0.00,18,1.550548,2.901000,0.909000,0.984114,-1.350452,1.750643,9.503382
25,0.10,18,1.255134,2.886537,0.916567,0.984674,-1.631404,0.878863,7.154531
25,0.20,18,1.049879,2.871877,0.924235,0.985173,-1.821998,0.277760,5.527153
25,0.30,18,0.910696,2.857015,0.931997,0.985657,-1.946319,-0.124927,4.428553
25,0.40,18,0.585407,2.842213,0.939747,0.985867,-2.256806,-1.085992,1.841042
25,0.50,18,0.343965,2.827095,0.947656,0.986312,-2.483130,-1.795201,-0.075379
25,0.60,18,0.284517,2.812243,0.955420,0.986367,-2.527726,-1.958692,-0.536108
25,0.70,18,0.156213,2.796939,0.963435,0.986764,-2.640726,-2.328300,-1.547233
25,0.80,18,0.326332,2.781782,0.971339,0.986923,-2.455450,-1.802786,-0.171126
25,0.90,18,0.257675,2.766877,0.979120,0.986911,-2.509202,-1.993851,-0.705476
25,1.00,18,0.262752,2.751473,0.987153,0.987153,-2.488721,-1.963216,-0.649455
25,0.00,19,1.592120,2.881500,0.896500,0.987771,-1.289380,1.894859,9.855457
25,0.10,19,1.285248,2.864512,0.905680,0.988303,-1.579264,0.991233,7.417474
25,0.20,19,1.113581,2.847271,0.914998,0.988990,-1.733690,0.493471,6.061374
25,0.30,19,1.058934,2.830035,0.924305,0.989184,-1.771101,0.346767,5.641437
25,0.40,19,1.038429,2.812764,0.933636,0.989341,-1.774335,0.302524,5.494671
25,0.50,19,0.847606,2.795213,0.943122,0.989744,-1.947608,-0.252397,3.985631
25,0.60,19,0.929322,2.778052,0.952392,0.989653,-1.848730,0.009915,4.656527
25,0.70,19,0.857201,2.760474,0.961880,0.989900,-1.903273,-0.188871,4.097133
25,0.80,19,0.843743,2.743000,0.971333,0.990041,-1.899257,-0.211771,4.006945
25,0.90,19,0.900000,2.725453,0.980785,0.990150,-1.825454,-0.025455,4.474543
25,1.00,19,0.938669,2.708110,0.990152,0.990152,-1.769441,0.107897,4.801243
50,0.00,0,0.914720,2.885500,0.898500,0.957096,-1.970780,-0.141340,4.432259
50,0.10,0,0.763541,2.874460,0.904455,0.958050,-2.110919,-0.583837,3.233868
50,0.20,0,0.751706,2.863200,0.910538,0.958692,-2.111493,-0.608081,3.150451
50,0.30,0,0.643491,2.852281,0.916419,0.958229,-2.208790,-0.921807,2.295648
50,0.40,0,0.490965,2.840893,0.922563,0.958657,-2.349928,-1.367998,1.086827
50,0.50,0,0.535147,2.829314,0.928711,0.958922,-2.294167,-1.223874,1.451859
50,0.60,0,0.520221,2.818338,0.934680,0.958800,-2.298116,-1.257674,1.343433
50,0.70,0,0.515687,2.805669,0.941504,0.959934,-2.289982,-1.258609,1.319825
50,0.80,0,0.534199,2.794389,0.947603,0.959879,-2.260190,-1.191793,1.479199
50,0.90,0,0.443602,2.781211,0.954666,0.960907,-2.337609,-1.450406,0.767601
50,1.00,0,0.559001,2.771044,0.960111,0.960111,-2.212043,-1.094040,1.700967
50,0.00,1,2.278840,2.886500,0.895500,0.932382,-0.607660,3.950021,15.344223
50,0.10,1,2.069130,2.879388,0.899157,0.932073,-0.810258,3.328002,13.673652
50,0.20,1,1.996504,2.871654,0.903137,0.933686,-0.875150,3.117859,13.100380
50,0.30,1,1.751047,2.863537,0.907336,0.934953,-1.112489,2.389606,11.144842
50,0.40,1,1.550748,2.855923,0.911288,0.934969,-1.305174,1.796323,9.550065
50,0.50,1,1.382189,2.848062,0.915303,0.935106,-1.465873,1.298504,8.209447
50,0.60,1,1.328817,2.839911,0.919509,0.935515,-1.511094,1.146541,7.790628
50,0.70,1,1.207951,2.831669,0.923778,0.935897,-1.623718,0.792185,6.831941
50,0.80,1,1.233486,2.822734,0.928347,0.936558,-1.589248,0.877724,7.045153
50,0.90,1,1.270093,2.814315,0.932777,0.936919,-1.544222,0.995964,7.346429
50,1.00,1,1.291898,2.806952,0.936621,0.936621,-1.515054,1.068742,7.528233
50,0.00,2,1.518219,2.890500,0.901000,0.979173,-1.372281,1.664156,9.255250
50,0.10,2,1.375938,2.875458,0.908871,0.979711,-1.499520,1.252356,8.132047
50,0.20,2,1.072460,2.859893,0.917022,0.981110,-1.787434,0.357485,5.719784
50,0.30,2,0.876507,2.844633,0.924997,0.980990,-1.968126,-0.215112,4.167424
50,0.40,2,0.718032,2.828739,0.933336,0.981839,-2.110707,-0.674642,2.915518
50,0.50,2,0.632637,2.812880,0.941656,0.982312,-2.180244,-0.914970,2.248214
50,0.60,2,0.608578,2.797409,0.949737,0.982228,-2.188831,-0.971675,2.071216
50,0.70,2,0.571624,2.781648,0.957965,0.982379,-2.210024,-1.066776,1.791345
50,0.80,2,0.693799,2.765925,0.966174,0.982467,-2.072126,-0.684528,2.784468
50,0.90,2,0.744845,2.749840,0.974651,0.982834,-2.004996,-0.515306,3.208919
50,1.00,2,0.569914,2.733989,0.982932,0.982932,-2.164075,-1.024247,1.825323
50,0.00,3,1.024167,2.894500,0.907500,0.979162,-1.870333,0.178002,5.298840
50,0.10,3,0.885502,2.881081,0.914756,0.980061,-1.995579,-0.224575,4.202936
50,0.20,3,0.849644,2.867539,0.922078,0.980391,-2.017895,-0.318608,3.929610
50,0.30,3,0.786398,2.853704,0.929560,0.981033,-2.067307,-0.494512,3.437476
50,0.40,3,0.667541,2.840017,0.936949,0.981123,-2.172475,-0.837393,2.500313
50,0.50,3,0.745658,2.826568,0.944220,0.980939,-2.080910,-0.589595,3.138693
50,0.60,3,0.729677,2.812460,0.951872,0.981454,-2.082783,-0.623429,3.024956
50,0.70,3,0.778675,2.798848,0.959189,0.981342,-2.020173,-0.462823,3.430551
50,0.80,3,0.677524,2.784421,0.966999,0.981874,-2.106897,-0.751850,2.635768
50,0.90,3,0.789248,2.770969,0.974293,0.981715,-1.981721,-0.403225,3.543015
50,1.00,3,0.849488,2.757004,0.981787,0.981787,-1.907516,-0.208540,4.038900
50,0.00,4,1.013533,2.906000,0.913500,0.985822,-1.892467,0.134600,5.202267
50,0.10,4,0.727750,2.891947,0.920838,0.986883,-2.164197,-0.708696,2.930057
50,0.20,4,0.516978,2.877631,0.928321,0.987607,-2.360653,-1.326696,1.258196
50,0.30,4,0.479297,2.863127,0.935899,0.988165,-2.383830,-1.425236,0.971250
50,0.40,4,0.290548,2.848586,0.943500,0.988500,-2.558038,-1.976943,-0.524205
50,0.50,4,0.322875,2.833999,0.951123,0.988746,-2.511125,-1.865375,-0.251002
50,0.60,4,0.227424,2.819070,0.958923,0.989205,-2.591646,-2.136797,-0.999675
50,0.70,4,0.293245,2.804373,0.966600,0.989357,-2.511128,-1.924639,-0.458414
50,0.80,4,0.331445,2.790062,0.974100,0.989250,-2.458616,-1.795726,-0.138499
50,0.90,4,0.321407,2.775117,0.981898,0.989498,-2.453709,-1.810894,-0.203857
50,1.00,4,0.315787,2.760317,0.989645,0.989645,-2.444529,-1.812954,-0.234017
50,0.00,5,1.878883,2.900000,0.909500,0.988269,-1.021117,2.736648,12.131061
50,0.10,5,1.701022,2.885010,0.917420,0.988696,-1.183989,2.218054,10.723162
50,0.20,5,1.558439,2.869968,0.925365,0.988825,-1.311529,1.805349,9.597545
50,0.30,5,1.361588,2.854877,0.933334,0.988945,-1.493289,1.229887,8.037827
50,0.40,5,1.225038,2.839644,0.941384,0.989211,-1.614606,0.835471,6.960662
50,0.50,5,0.996016,2.824495,0.949391,0.989281,-1.828480,0.163552,5.143630
50,0.60,5,1.024683,2.808961,0.957590,0.989650,-1.784278,0.265088,5.388503
50,0.70,5,1.005452,2.793756,0.965629,0.989684,-1.788303,0.222602,5.249863
50,0.80,5,0.955050,2.778624,0.973601,0.989627,-1.823573,0.086527,4.861778
50,0.90,5,1.003670,2.763027,0.981833,0.989870,-1.759357,0.247984,5.266336
50,1.00,5,1.042568,2.747846,0.989849,0.989849,-1.705277,0.379859,5.592701
50,0.00,6,1.896521,2.890000,0.899500,0.957995,-0.993479,2.799562,12.282165
50,0.10,6,1.637009,2.878683,0.905432,0.958825,-1.241674,2.032343,10.217386
50,0.20,6,1.396314,2.866925,0.911584,0.959922,-1.470611,1.322016,8.303585
50,0.30,6,1.197207,2.854359,0.918173,0.961743,-1.657152,0.737263,6.723299
50,0.40,6,0.974229,2.842320,0.924475,0.961937,-1.868091,0.080366,4.951510
50,0.50,6,0.901056,2.829737,0.931073,0.962646,-1.928680,-0.126568,4.378713
50,0.60,6,0.864683,2.817510,0.937504,0.962841,-1.952827,-0.223460,4.099957
50,0.70,6,0.597801,2.803467,0.944849,0.964284,-2.205666,-1.010064,1.978941
50,0.80,6,0.723546,2.791598,0.951040,0.963925,-2.068052,-0.620960,2.996769
50,0.90,6,0.745012,2.778709,0.957799,0.964277,-2.033697,-0.543673,3.181387
50,1.00,6,0.774660,2.766675,0.964087,0.964087,-1.992015,-0.442694,3.430608
50,0.00,7,0.974635,2.902000,0.910000,0.932007,-1.927365,0.021905,4.895081
50,0.10,7,0.755878,2.897535,0.912340,0.933396,-2.141658,-0.629902,3.149486
50,0.20,7,0.347334,2.892393,0.915032,0.935158,-2.545059,-1.850391,-0.113720
50,0.30,7,0.424653,2.886677,0.918005,0.936683,-2.462024,-1.612719,0.510544
50,0.40,7,0.126024,2.880571,0.921238,0.938095,-2.754546,-2.502498,-1.872377
50,0.50,7,0.119492,2.874461,0.924392,0.938783,-2.754969,-2.515986,-1.918528
50,0.60,7,0.000000,2.867208,0.928189,0.940315,-2.867208,-2.867208,-2.867208
50,0.70,7,0.020870,2.860770,0.931566,0.940809,-2.839900,-2.798160,-2.693809
50,0.80,7,0.000000,2.855176,0.934471,0.940589,-2.855176,-2.855176,-2.855176
50,0.90,7,0.030714,2.846760,0.938857,0.942063,-2.816046,-2.754618,-2.601047
50,1.00,7,0.045694,2.840705,0.941883,0.941883,-2.795010,-2.703622,-2.475149
50,0.00,8,2.085345,2.897000,0.905000,0.974764,-0.811655,3.359036,13.785762
50,0.10,8,1.834353,2.883405,0.912091,0.975907,-1.049052,2.619653,11.791416
50,0.20,8,1.617017,2.869550,0.919303,0.976513,-1.252533,1.981501,10.066587
50,0.30,8,1.229466,2.855382,0.926699,0.977331,-1.625916,0.833015,6.980343
50,0.40,8,1.301230,2.841353,0.934012,0.977529,-1.540124,1.062335,7.568483
50,0.50,8,1.047191,2.827175,0.941406,0.977812,-1.779983,0.314399,5.550355
50,0.60,8,1.028043,2.813200,0.948668,0.977780,-1.785156,0.270930,5.411148
50,0.70,8,1.021839,2.798626,0.956300,0.978286,-1.776787,0.266891,5.376086
50,0.80,8,1.041932,2.784580,0.963598,0.978248,-1.742648,0.341217,5.550879
50,0.90,8,1.108569,2.770525,0.970907,0.978230,-1.661957,0.555181,6.098024
50,1.00,8,1.110124,2.755754,0.978643,0.978643,-1.645630,0.574618,6.125238
50,0.00,9,1.508276,2.887000,0.896000,0.981297,-1.378724,1.637828,9.179207
50,0.10,9,1.239336,2.870550,0.904585,0.981851,-1.631214,0.847458,7.044139
50,0.20,9,1.027114,2.853790,0.913334,0.982671,-1.826676,0.227552,5.363123
50,0.30,9,0.921448,2.836932,0.922134,0.983113,-1.915484,-0.072589,4.534649
50,0.40,9,0.793530,2.820220,0.930862,0.983154,-2.026690,-0.439629,3.528022
50,0.50,9,0.852313,2.803193,0.939723,0.983446,-1.950880,-0.246254,4.015311
50,0.60,9,0.793526,2.786090,0.948650,0.983750,-1.992565,-0.405514,3.562114
50,0.70,9,0.791003,2.768757,0.957710,0.984157,-1.977754,-0.395747,3.559269
50,0.80,9,0.838911,2.751766,0.966575,0.984219,-1.912855,-0.235032,3.959526
50,0.90,9,0.831019,2.734667,0.975503,0.984337,-1.903648,-0.241610,3.913486
50,1.00,9,0.912540,2.717601,0.984390,0.984390,-1.805061,0.020020,4.582722
50,0.00,10,1.447651,2.901000,0.909500,0.808205,-1.453349,1.441952,8.680206
50,0.10,10,1.178748,2.919926,0.899627,0.810770,-1.741177,0.616320,6.510062
50,0.20,10,1.089271,2.939371,0.889475,0.809377,-1.850100,0.328441,5.774795
50,0.30,10,0.918003,2.957657,0.879900,0.810834,-2.039654,-0.203648,4.386367
50,0.40,10,0.805301,2.978487,0.869043,0.808357,-2.173186,-0.562583,3.463924
50,0.50,10,0.736651,2.999382,0.858072,0.806643,-2.262731,-0.789430,2.893823
50,0.60,10,0.696593,3.019622,0.847462,0.806103,-2.323029,-0.929843,2.553121
50,0.70,10,0.696922,3.041531,0.835992,0.804489,-2.344609,-0.950764,2.533848
50,0.80,10,0.676822,3.062125,0.825437,0.804422,-2.385303,-1.031660,2.352448
50,0.90,10,0.575978,3.083528,0.814024,0.803416,-2.507550,-1.355593,1.524298
50,1.00,10,0.476484,3.106811,0.801980,0.801980,-2.630327,-1.677359,0.705059
50,0.00,11,1.180347,2.902000,0.908500,0.989178,-1.721653,0.639040,6.540775
50,0.10,11,1.047313,2.886295,0.916630,0.989800,-1.838982,0.255643,5.492206
50,0.20,11,0.686454,2.870295,0.924915,0.990575,-2.183842,-0.810935,2.621333
50,0.30,11,0.494439,2.854107,0.933302,0.991172,-2.359668,-1.370790,1.101403
50,0.40,11,0.424888,2.837993,0.941647,0.991367,-2.413105,-1.563328,0.561114
50,0.50,11,0.216131,2.821757,0.950059,0.991618,-2.605627,-2.173366,-1.092713
50,0.60,11,0.155626,2.805343,0.958553,0.991921,-2.649717,-2.338465,-1.560334
50,0.70,11,0.009501,2.788959,0.967047,0.992139,-2.779458,-2.760457,-2.712954
50,0.80,11,0.000000,2.772712,0.975467,0.992209,-2.772712,-2.772712,-2.772712
50,0.90,11,0.000000,2.756253,0.983989,0.992376,-2.756253,-2.756253,-2.756253
50,1.00,11,0.045260,2.739948,0.992423,0.992423,-2.694687,-2.604167,-2.377866
50,0.00,12,0.659419,2.900000,0.906000,0.982919,-2.240581,-0.921742,2.375355
50,0.10,12,0.522272,2.885202,0.913695,0.982954,-2.362930,-1.318386,1.292975
50,0.20,12,0.466115,2.870225,0.921492,0.983459,-2.404110,-1.471881,0.858692
50,0.30,12,0.385698,2.855121,0.929359,0.983863,-2.469423,-1.698027,0.230462
50,0.40,12,0.260763,2.840056,0.937181,0.983952,-2.579293,-2.057767,-0.753953
50,0.50,12,0.244512,2.824262,0.945387,0.984774,-2.579751,-2.090728,-0.868170
50,0.60,12,0.230350,2.809587,0.953029,0.984381,-2.579238,-2.118538,-0.966789
50,0.70,12,0.290136,2.793841,0.961245,0.984921,-2.503705,-1.923433,-0.472752
50,0.80,12,0.341534,2.778607,0.969159,0.984949,-2.437073,-1.754005,-0.046334
50,0.90,12,0.286920,2.762882,0.977325,0.985250,-2.475961,-1.902120,-0.467518
50,1.00,12,0.243259,2.747540,0.985313,0.985313,-2.504281,-2.017763,-0.801468
50,0.00,13,0.927347,2.889000,0.901000,0.973413,-1.961653,-0.106960,4.529774
50,0.10,13,0.770460,2.875067,0.908440,0.975404,-2.104607,-0.563688,3.288610
50,0.20,13,0.497721,2.860842,0.916020,0.976099,-2.363121,-1.367679,1.120928
50,0.30,13,0.270097,2.845988,0.923957,0.977524,-2.575891,-2.035697,-0.685212
50,0.40,13,0.133895,2.831316,0.931787,0.977968,-2.697421,-2.429631,-1.760157
50,0.50,13,0.000000,2.816489,0.939716,0.978431,-2.816489,-2.816489,-2.816489
50,0.60,13,0.000000,2.801250,0.947825,0.979041,-2.801250,-2.801250,-2.801250
50,0.70,13,0.000000,2.785913,0.956009,0.979584,-2.785913,-2.785913,-2.785913
50,0.80,13,0.000000,2.771331,0.963807,0.979509,-2.771331,-2.771331,-2.771331
50,0.90,13,0.000000,2.756186,0.971891,0.979768,-2.756186,-2.756186,-2.756186
50,1.00,13,0.000000,2.740592,0.980211,0.980211,-2.740592,-2.740592,-2.740592
50,0.00,14,1.992718,2.904500,0.912000,0.939853,-0.911782,3.073655,13.037246
50,0.10,14,1.831250,2.899084,0.914817,0.940165,-1.067834,2.594666,11.750917
50,0.20,14,1.647885,2.893692,0.917622,0.940109,-1.245807,2.049963,10.289388
50,0.30,14,1.459160,2.888203,0.920493,0.940310,-1.429043,1.489278,8.785079
50,0.40,14,1.481504,2.883020,0.923210,0.940024,-1.401516,1.561493,8.969014
50,0.50,14,1.254299,2.878042,0.925784,0.939567,-1.623743,0.884854,7.156348
50,0.60,14,1.262906,2.871946,0.928908,0.940180,-1.609040,0.916772,7.231303
50,0.70,14,1.205809,2.866550,0.931717,0.940167,-1.660741,0.750876,6.779920
50,0.80,14,1.205273,2.862203,0.934028,0.939535,-1.656930,0.753615,6.779978
50,0.90,14,1.228418,2.855681,0.937446,0.940274,-1.627263,0.829574,6.971665
50,1.00,14,1.233250,2.850481,0.940143,0.940143,-1.617231,0.849268,7.015516
50,0.00,15,0.973865,2.902500,0.909000,0.981392,-1.928635,0.019094,4.888419
50,0.10,15,0.681323,2.888384,0.916301,0.982014,-2.207061,-0.844415,2.562199
50,0.20,15,0.506508,2.874050,0.923718,0.982590,-2.367542,-1.354527,1.178013
50,0.30,15,0.435498,2.859816,0.931069,0.982562,-2.424318,-1.553321,0.624171
50,0.40,15,0.276977,2.845266,0.938614,0.983036,-2.568288,-2.014334,-0.629449
50,0.50,15,0.164388,2.830769,0.946103,0.983205,-2.666381,-2.337606,-1.515668
50,0.60,15,0.181472,2.816122,0.953688,0.983480,-2.634650,-2.271705,-1.364343
50,0.70,15,0.168098,2.801639,0.961201,0.983573,-2.633541,-2.297346,-1.456857
50,0.80,15,0.110773,2.786940,0.968789,0.983736,-2.676167,-2.454620,-1.900753
50,0.90,15,0.200531,2.772125,0.976465,0.983962,-2.571594,-2.170531,-1.167874
50,1.00,15,0.140748,2.757299,0.984155,0.984155,-2.616551,-2.335055,-1.631315
50,0.00,16,1.686338,2.892000,0.901000,0.989125,-1.205662,2.167013,10.598701
50,0.10,16,1.484061,2.874990,0.909907,0.990068,-1.390929,1.577194,8.997500
50,0.20,16,1.214652,2.857651,0.918983,0.990913,-1.642998,0.786306,6.859568
50,0.30,16,1.029096,2.840215,0.928116,0.991387,-1.811119,0.247074,5.392556
50,0.40,16,0.870627,2.822785,0.937240,0.991601,-1.952157,-0.210903,4.142234
50,0.50,16,0.741331,2.805305,0.946405,0.991811,-2.063974,-0.581312,3.125344
50,0.60,16,0.742431,2.787749,0.955588,0.991981,-2.045318,-0.560456,3.151698
50,0.70,16,0.763789,2.770380,0.964692,0.991989,-2.006590,-0.479012,3.339935
50,0.80,16,0.829389,2.752431,0.974066,0.992333,-1.923041,-0.264263,3.882683
50,0.90,16,0.792071,2.734911,0.983261,0.992401,-1.942840,-0.358698,3.601656
50,1.00,16,0.793448,2.717233,0.992517,0.992517,-1.923785,-0.336890,3.630348
50,0.00,17,1.598003,2.892500,0.904000,0.953673,-1.294497,1.901510,9.891526
50,0.10,17,1.335483,2.882999,0.909108,0.955078,-1.547517,1.123449,7.800863
50,0.20,17,1.184228,2.872743,0.914602,0.957011,-1.688515,0.679940,6.601079
50,0.30,17,0.968343,2.862155,0.920294,0.958314,-1.893811,0.042875,4.884593
50,0.40,17,0.777773,2.851411,0.926076,0.959191,-2.073639,-0.518093,3.370770
50,0.50,17,0.677783,2.840653,0.931839,0.959679,-2.162869,-0.807303,2.581612
50,0.60,17,0.642719,2.829405,0.937879,0.960464,-2.186685,-0.901247,2.312350
50,0.70,17,0.591351,2.817163,0.944419,0.961741,-2.225812,-1.043109,1.913646
50,0.80,17,0.562775,2.806058,0.950342,0.961927,-2.243283,-1.117733,1.696143
50,0.90,17,0.717240,2.795568,0.955945,0.961717,-2.078328,-0.643848,2.942351
50,1.00,17,0.566360,2.783602,0.962384,0.962384,-2.217241,-1.084520,1.747282
50,0.00,18,1.710750,2.894000,0.902000,0.990360,-1.183250,2.238250,10.792001
50,0.10,18,1.472075,2.876965,0.910876,0.990763,-1.404890,1.539260,8.899635
50,0.20,18,1.040865,2.859740,0.919854,0.991269,-1.818875,0.262856,5.467183
50,0.30,18,0.739124,2.842379,0.928890,0.991632,-2.103255,-0.625008,3.070612
50,0.40,18,0.323180,2.824921,0.937990,0.991975,-2.501741,-1.855380,-0.239477
50,0.50,18,0.388849,2.807402,0.947116,0.992232,-2.418553,-1.640856,0.303388
50,0.60,18,0.252229,2.790069,0.956148,0.992247,-2.537841,-2.033383,-0.772240
50,0.70,18,0.177563,2.772317,0.965398,0.992568,-2.594754,-2.239627,-1.351811
50,0.80,18,0.228182,2.754964,0.974440,0.992550,-2.526783,-2.070420,-0.929512
50,0.90,18,0.278141,2.737417,0.983581,0.992646,-2.459276,-1.902993,-0.512287
50,1.00,18,0.248360,2.719995,0.992649,0.992649,-2.471634,-1.974913,-0.733111
50,0.00,19,0.740127,2.921000,0.924000,0.993109,-2.180873,-0.700620,3.000014
50,0.10,19,0.664234,2.907354,0.930949,0.993491,-2.243121,-0.914654,2.406514
50,0.20,19,0.567592,2.893665,0.937922,0.993608,-2.326073,-1.190888,1.647074
50,0.30,19,0.539981,2.879967,0.944896,0.993653,-2.339986,-1.260024,1.439881
50,0.40,19,0.463359,2.866212,0.951905,0.993763,-2.402853,-1.476136,0.840657
50,0.50,19,0.511238,2.852390,0.958947,0.993894,-2.341152,-1.318677,1.237513
50,0.60,19,0.521073,2.838662,0.965936,0.993893,-2.317589,-1.275444,1.329918
50,0.70,19,0.566569,2.824875,0.972949,0.993927,-2.258305,-1.125166,1.707681
50,0.80,19,0.512570,2.810948,0.980053,0.994066,-2.298378,-1.273238,1.289612
50,0.90,19,0.546128,2.797263,0.987030,0.994033,-2.251135,-1.158879,1.571762
50,1.00,19,0.449067,2.783207,0.994179,0.994179,-2.334140,-1.436005,0.809332
100,0.00,0,1.428411,2.899000,0.906000,0.920716,-1.470589,1.386233,8.528289
100,0.10,0,1.263810,2.895708,0.907624,0.922236,-1.631898,0.895722,7.214771
100,0.20,0,1.209827,2.892175,0.909428,0.923138,-1.682348,0.737306,6.786440
100,0.30,0,1.107833,2.888041,0.911504,0.924347,-1.780209,0.435456,5.974620
100,0.40,0,1.027089,2.884438,0.913263,0.924158,-1.857349,0.196828,5.332271
100,0.50,0,1.072578,2.879650,0.915751,0.925501,-1.807073,0.338083,5.700972
100,0.60,0,1.026018,2.875546,0.917854,0.925756,-1.849528,0.202509,5.332602
100,0.70,0,1.135322,2.872074,0.919404,0.925149,-1.736752,0.533893,6.210504
100,0.80,0,1.150070,2.867566,0.921702,0.925628,-1.717496,0.582644,6.332994
100,0.90,0,1.136590,2.861684,0.924787,0.926874,-1.725094,0.548086,6.231037
100,1.00,0,1.150992,2.856720,0.927224,0.927224,-1.705727,0.596258,6.351220
100,0.00,1,1.862413,2.877000,0.887000,0.985210,-1.014587,2.710238,12.022300
100,0.10,1,1.618073,2.858233,0.896808,0.985081,-1.240161,1.995984,10.086347
100,0.20,1,1.245365,2.839140,0.906781,0.985904,-1.593775,0.896954,7.123776
100,0.30,1,1.181849,2.820154,0.916685,0.985951,-1.638304,0.725394,6.634641
100,0.40,1,1.038727,2.801041,0.926692,0.986231,-1.762314,0.315139,5.508773
100,0.50,1,0.902248,2.782066,0.936616,0.986232,-1.879818,-0.075323,4.435916
100,0.60,1,0.845314,2.762925,0.946603,0.986338,-1.917611,-0.226984,3.999584
100,0.70,1,0.838575,2.743232,0.956863,0.986804,-1.904657,-0.227508,3.965364
100,0.80,1,0.861056,2.724588,0.966634,0.986542,-1.863532,-0.141420,4.163860
100,0.90,1,0.798062,2.705394,0.976647,0.986608,-1.907332,-0.311208,3.679101
100,1.00,1,0.844339,2.686160,0.986717,0.986717,-1.841821,-0.153144,4.068549
100,0.00,2,0.817816,2.900500,0.908500,0.882767,-2.082684,-0.447053,3.642025
100,0.10,2,0.760647,2.905433,0.905889,0.882386,-2.144785,-0.623491,3.179746
100,0.20,2,0.625558,2.910133,0.903422,0.883110,-2.284575,-1.033458,2.094333
100,0.30,2,0.619256,2.914834,0.900946,0.883321,-2.295578,-1.057065,2.039216
100,0.40,2,0.640917,2.919195,0.898735,0.884088,-2.278278,-0.996445,2.208138
100,0.50,2,0.470199,2.923338,0.896480,0.884459,-2.453139,-1.512742,0.838253
100,0.60,2,0.423865,2.927459,0.894372,0.884953,-2.503594,-1.655864,0.463461
100,0.70,2,0.418992,2.931754,0.892033,0.884976,-2.512762,-1.674778,0.420183
100,0.80,2,0.473474,2.937143,0.889138,0.884298,-2.463669,-1.516721,0.850650
100,0.90,2,0.451794,2.940808,0.887206,0.884839,-2.489014,-1.585426,0.673543
100,1.00,2,0.528252,2.944006,0.885678,0.885678,-2.415753,-1.359248,1.282014
100,0.00,3,1.422597,2.886500,0.898000,0.948936,-1.463903,1.381290,8.494273
100,0.10,3,1.280660,2.876837,0.903153,0.949526,-1.596177,0.965142,7.368441
100,0.20,3,1.114838,2.866945,0.908408,0.950040,-1.752107,0.477569,6.051760
100,0.30,3,0.948065,2.857156,0.913599,0.949997,-1.909091,-0.012961,4.727364
100,0.40,3,0.984718,2.847138,0.918925,0.950314,-1.862421,0.107014,5.030602
100,0.50,3,0.956994,2.837111,0.924310,0.950619,-1.880117,0.033871,4.818840
100,0.60,3,0.714532,2.827332,0.929523,0.950538,-2.112800,-0.683737,2.888921
100,0.70,3,0.719541,2.816568,0.935182,0.951116,-2.097028,-0.657947,2.939756
100,0.80,3,0.849201,2.806495,0.940554,0.951192,-1.957294,-0.258892,3.987114
100,0.90,3,0.707622,2.796091,0.946175,0.951527,-2.088469,-0.673226,2.864882
100,1.00,3,0.874302,2.786212,0.951357,0.951357,-1.911911,-0.163307,4.208201
100,0.00,4,1.952761,2.887500,0.896500,0.925000,-0.934739,2.970783,12.734587
100,0.10,4,1.521114,2.881507,0.899553,0.927032,-1.360393,1.681836,9.287407
100,0.20,4,1.343931,2.875680,0.902537,0.926686,-1.531748,1.156114,7.875771
100,0.30,4,1.253183,2.869320,0.905799,0.927496,-1.616137,0.890228,7.156143
100,0.40,4,0.960210,2.862781,0.909145,0.928112,-1.902572,0.017847,4.818895
100,0.50,4,0.733953,2.856112,0.912540,0.928580,-2.122160,-0.654254,3.015509
100,0.60,4,0.597717,2.850152,0.915606,0.928343,-2.252435,-1.057002,1.931582
100,0.70,4,0.539102,2.842875,0.919350,0.929143,-2.303773,-1.225570,1.469938
100,0.80,4,0.499781,2.836654,0.922622,0.929153,-2.336873,-1.337312,1.161592
100,0.90,4,0.534755,2.827807,0.927045,0.930439,-2.293052,-1.223543,1.450231
100,1.00,4,0.434028,2.822017,0.930175,0.930175,-2.387989,-1.519934,0.650205
100,0.00,5,1.659250,2.893500,0.901000,0.991664,-1.234250,2.084251,10.380502
100,0.10,5,1.532277,2.875940,0.910119,0.992186,-1.343663,1.720891,9.382275
100,0.20,5,1.325212,2.858262,0.919296,0.992482,-1.533050,1.117374,7.743434
100,0.30,5,1.058788,2.840518,0.928510,0.992701,-1.781730,0.335846,5.629785
100,0.40,5,0.889592,2.822569,0.937829,0.993073,-1.932977,-0.153792,4.294170
100,0.50,5,0.762056,2.804645,0.947141,0.993282,-2.042589,-0.518477,3.291803
100,0.60,5,0.711403,2.786893,0.956361,0.993268,-2.075490,-0.652685,2.904329
100,0.70,5,0.708288,2.768865,0.965716,0.993451,-2.060577,-0.644001,2.897440
100,0.80,5,0.786111,2.750868,0.975061,0.993576,-1.964758,-0.392536,3.538018
100,0.90,5,0.699146,2.732909,0.984406,0.993673,-2.033763,-0.635471,2.860258
100,1.00,5,0.796315,2.714910,0.993745,0.993745,-1.918595,-0.325965,3.655611
100,0.00,6,1.647114,2.892000,0.900500,0.966849,-1.244886,2.049341,10.284909
100,0.10,6,1.308426,2.879097,0.907215,0.967648,-1.570670,1.046183,7.588315
100,0.20,6,0.957682,2.865864,0.914109,0.968545,-1.908183,0.007181,4.795590
100,0.30,6,0.774868,2.852468,0.921078,0.969092,-2.077600,-0.527865,3.346474
100,0.40,6,0.529283,2.838707,0.928261,0.969903,-2.309424,-1.250858,1.395557
100,0.50,6,0.443851,2.824849,0.935470,0.970440,-2.380998,-1.493296,0.725958
100,0.60,6,0.398258,2.811562,0.942395,0.970326,-2.413304,-1.616788,0.374501
100,0.70,6,0.219841,2.797704,0.949608,0.970654,-2.577863,-2.138182,-1.038979
100,0.80,6,0.487949,2.784540,0.956494,0.970492,-2.296591,-1.320693,1.119052
100,0.90,6,0.349188,2.770768,0.963656,0.970673,-2.421581,-1.723205,0.022734
100,1.00,6,0.496679,2.756748,0.970997,0.970997,-2.260069,-1.266711,1.216685
100,0.00,7,0.681316,2.887000,0.897500,0.988381,-2.205684,-0.843051,2.563530
100,0.10,7,0.462399,2.869675,0.906631,0.988812,-2.407276,-1.482478,0.829516
100,0.20,7,0.467479,2.852344,0.915767,0.988834,-2.384866,-1.449908,0.887486
100,0.30,7,0.229730,2.834651,0.925094,0.989479,-2.604921,-2.145461,-0.996812
100,0.40,7,0.298722,2.817194,0.934294,0.989486,-2.518472,-1.921027,-0.427414
100,0.50,7,0.240153,2.799688,0.943522,0.989545,-2.559535,-2.079228,-0.878461
100,0.60,7,0.240987,2.781999,0.952833,0.989721,-2.541013,-2.059040,-0.854107
100,0.70,7,0.204432,2.764111,0.962260,0.990015,-2.559678,-2.150813,-1.128651
100,0.80,7,0.121890,2.746764,0.971417,0.989896,-2.624874,-2.381093,-1.771641
100,0.90,7,0.260583,2.729158,0.980687,0.989930,-2.468574,-1.947408,-0.644492
100,1.00,7,0.224089,2.711150,0.990151,0.990151,-2.487061,-2.038882,-0.918434
100,0.00,8,1.677883,2.893500,0.901000,0.980830,-1.215617,2.140150,10.529567
100,0.10,8,1.374275,2.877777,0.909146,0.982459,-1.503502,1.245048,8.116423
100,0.20,8,1.248970,2.861631,0.917511,0.983555,-1.612661,0.885278,7.130127
100,0.30,8,1.054767,2.844829,0.926229,0.985096,-1.790062,0.319471,5.593305
100,0.40,8,0.953881,2.828400,0.934743,0.985358,-1.874519,0.033243,4.802649
100,0.50,8,0.837006,2.811621,0.943456,0.985912,-1.974615,-0.300604,3.884424
100,0.60,8,0.698114,2.794672,0.952255,0.986425,-2.096558,-0.700330,2.790239
100,0.70,8,0.710678,2.777741,0.961049,0.986785,-2.067063,-0.645707,2.907682
100,0.80,8,0.730977,2.760755,0.969852,0.987065,-2.029777,-0.567823,3.087064
100,0.90,8,0.683966,2.744149,0.978501,0.987113,-2.060183,-0.692250,2.727581
100,1.00,8,0.806692,2.727573,0.987085,0.987085,-1.920881,-0.307497,3.725963
100,0.00,9,1.529798,2.894000,0.904000,0.960431,-1.364202,1.695393,9.344380
100,0.10,9,1.336443,2.883082,0.909774,0.961744,-1.546638,1.126248,7.808465
100,0.20,9,1.064643,2.872077,0.915588,0.961939,-1.807434,0.321851,5.645065
100,0.30,9,0.990410,2.860590,0.921649,0.962830,-1.870180,0.110641,5.062693
100,0.40,9,0.715979,2.849123,0.927730,0.963324,-2.133144,-0.701187,2.878706
100,0.50,9,0.756411,2.837542,0.933853,0.963706,-2.081131,-0.568309,3.213745
100,0.60,9,0.549076,2.826193,0.939826,0.963710,-2.277117,-1.178965,1.566415
100,0.70,9,0.647527,2.814312,0.946147,0.964210,-2.166784,-0.871730,2.365906
100,0.80,9,0.676707,2.803033,0.952086,0.964108,-2.126327,-0.772913,2.610620
100,0.90,9,0.708060,2.791278,0.958337,0.964375,-2.083217,-0.667097,2.873205
100,1.00,9,0.719582,2.779831,0.964335,0.964335,-2.060249,-0.621084,2.976828
100,0.00,10,1.280450,2.895000,0.902000,0.968267,-1.614550,0.946351,7.348603
100,0.10,10,1.106683,2.882037,0.908689,0.968886,-1.775355,0.438011,5.971424
100,0.20,10,0.917803,2.868704,0.915565,0.969826,-1.950902,-0.115297,4.473716
100,0.30,10,0.748783,2.855329,0.922458,0.970195,-2.106545,-0.608979,3.134937
100,0.40,10,0.429179,2.841226,0.929749,0.971373,-2.412047,-1.553690,0.592204
100,0.50,10,0.385533,2.827556,0.936797,0.971594,-2.442023,-1.670956,0.256710
100,0.60,10,0.370549,2.813940,0.943864,0.971774,-2.443391,-1.702292,0.150454
100,0.70,10,0.200689,2.799575,0.951213,0.972304,-2.598885,-2.197507,-1.194059
100,0.80,10,0.308211,2.785112,0.958734,0.972918,-2.476902,-1.860481,-0.319428
100,0.90,10,0.372751,2.771215,0.965896,0.972995,-2.398463,-1.652961,0.210796
100,1.00,10,0.358237,2.756799,0.973325,0.973325,-2.398562,-1.682089,0.109094
100,0.00,11,2.075305,2.878000,0.888500,0.972621,-0.802695,3.347914,13.724438
100,0.10,11,1.849049,2.861830,0.896974,0.973242,-1.012781,2.685318,11.930566
100,0.20,11,1.394803,2.845350,0.905605,0.974024,-1.450547,1.339059,8.313074
100,0.30,11,1.134866,2.829056,0.914144,0.973980,-1.694190,0.575543,6.249874
100,0.40,11,0.994591,2.812386,0.922856,0.974389,-1.817795,0.171387,5.144342
100,0.50,11,0.897080,2.795677,0.931614,0.974728,-1.898597,-0.104437,4.380964
100,0.60,11,0.904805,2.778944,0.940376,0.974961,-1.874140,-0.064531,4.459493
100,0.70,11,0.848988,2.761601,0.949458,0.975582,-1.912614,-0.214639,4.030299
100,0.80,11,0.946853,2.744814,0.958247,0.975684,-1.797961,0.095745,4.830011
100,0.90,11,0.845256,2.728059,0.966989,0.975710,-1.882803,-0.192291,4.033989
100,1.00,11,0.893692,2.711140,0.975848,0.975848,-1.817448,-0.030064,4.438395
100,0.00,12,0.633153,2.881000,0.896500,0.958462,-2.247847,-0.981541,2.184225
100,0.10,12,0.479375,2.869691,0.902707,0.958567,-2.390317,-1.431567,0.965306
100,0.20,12,0.460949,2.858125,0.909063,0.959313,-2.397177,-1.475279,0.829465
100,0.30,12,0.416475,2.846478,0.915448,0.959661,-2.430002,-1.597052,0.485324
100,0.40,12,0.398163,2.834467,0.922023,0.960308,-2.436303,-1.639976,0.350840
100,0.50,12,0.275665,2.822468,0.928577,0.960654,-2.546803,-1.995473,-0.617146
100,0.60,12,0.419315,2.810793,0.934988,0.960647,-2.391479,-1.552850,0.543723
100,0.70,12,0.376431,2.798634,0.941652,0.961003,-2.422203,-1.669340,0.212816
100,0.80,12,0.370141,2.786855,0.948101,0.961001,-2.416714,-1.676431,0.174275
100,0.90,12,0.472966,2.774316,0.954978,0.961476,-2.301350,-1.355418,1.009414
100,1.00,12,0.378164,2.762275,0.961609,0.961609,-2.384111,-1.627784,0.263034
100,0.00,13,1.204301,2.898000,0.910000,0.982315,-1.693699,0.714902,6.736406
100,0.10,13,1.062306,2.884450,0.917295,0.982951,-1.822144,0.302468,5.613998
100,0.20,13,0.764273,2.870790,0.924657,0.983285,-2.106517,-0.577971,3.243393
100,0.30,13,0.562763,2.857046,0.932048,0.983493,-2.294283,-1.168757,1.645058
100,0.40,13,0.544839,2.842888,0.939674,0.984184,-2.298049,-1.208370,1.515826
100,0.50,13,0.532146,2.829231,0.947015,0.984030,-2.297084,-1.232792,1.427939
100,0.60,13,0.488139,2.815270,0.954525,0.984208,-2.327131,-1.350852,1.089844
100,0.70,13,0.444255,2.801192,0.962103,0.984433,-2.356937,-1.468426,0.752851
100,0.80,13,0.465656,2.786922,0.969773,0.984716,-2.321266,-1.389954,0.938327
100,0.90,13,0.548642,2.773368,0.977056,0.984506,-2.224726,-1.127441,1.615772
100,1.00,13,0.479785,2.758914,0.984799,0.984799,-2.279129,-1.319559,1.079365
100,0.00,14,0.707930,2.889000,0.899500,0.996179,-2.181070,-0.765211,2.774436
100,0.10,14,0.729162,2.870650,0.909180,0.996295,-2.141488,-0.683164,2.962647
100,0.20,14,0.639246,2.852268,0.918876,0.996378,-2.213022,-0.934531,2.261699
100,0.30,14,0.455007,2.833825,0.928602,0.996507,-2.378818,-1.468805,0.806229
100,0.40,14,0.456034,2.815399,0.938315,0.996538,-2.359366,-1.447298,0.832870
100,0.50,14,0.527909,2.796890,0.948095,0.996690,-2.268981,-1.213163,1.426383
100,0.60,14,0.489475,2.778407,0.957848,0.996746,-2.288933,-1.309983,1.137390
100,0.70,14,0.486308,2.760039,0.967530,0.996686,-2.273731,-1.301114,1.130428
100,0.80,14,0.480317,2.741524,0.977303,0.996754,-2.261207,-1.300573,1.101012
100,0.90,14,0.470169,2.723022,0.987060,0.996788,-2.252854,-1.312516,1.038327
100,1.00,14,0.447355,2.704501,0.996840,0.996840,-2.257146,-1.362436,0.874340
100,0.00,15,1.270172,2.892500,0.902500,0.962661,-1.622328,0.918015,7.268874
100,0.10,15,1.086261,2.880815,0.908598,0.963477,-1.794553,0.377969,5.809275
100,0.20,15,0.771655,2.868737,0.914877,0.964385,-2.097082,-0.553772,3.304504
100,0.30,15,0.624241,2.856759,0.921143,0.964644,-2.232518,-0.984036,2.137170
100,0.40,15,0.428620,2.843643,0.927969,0.966172,-2.415023,-1.557783,0.585316
100,0.50,15,0.444794,2.832023,0.934027,0.965554,-2.387230,-1.497642,0.726326
100,0.60,15,0.480999,2.819763,0.940426,0.965710,-2.338765,-1.376767,1.028227
100,0.70,15,0.408044,2.806653,0.947242,0.966417,-2.398609,-1.582521,0.457699
100,0.80,15,0.377114,2.793428,0.954160,0.967075,-2.416314,-1.662086,0.223485
100,0.90,15,0.426430,2.781918,0.960098,0.966498,-2.355488,-1.502629,0.629519
100,1.00,15,0.374422,2.767823,0.967512,0.967512,-2.393401,-1.644556,0.227555
100,0.00,16,1.334903,2.874500,0.888500,0.944755,-1.539597,1.130210,7.804726
100,0.10,16,1.068109,2.863784,0.894251,0.946013,-1.795675,0.340543,5.681087
100,0.20,16,0.925605,2.852878,0.900117,0.946587,-1.927273,-0.076063,4.551963
100,0.30,16,0.800566,2.841339,0.906302,0.947839,-2.040774,-0.439642,3.563186
100,0.40,16,0.698164,2.829799,0.912475,0.948437,-2.131635,-0.735308,2.755510
100,0.50,16,0.617659,2.818392,0.918607,0.948715,-2.200733,-0.965415,2.122879
100,0.60,16,0.576706,2.807022,0.924697,0.948829,-2.230316,-1.076905,1.806623
100,0.70,16,0.643065,2.795971,0.930641,0.948701,-2.152906,-0.866776,2.348547
100,0.80,16,0.626264,2.784160,0.937015,0.949144,-2.157896,-0.905367,2.225954
100,0.90,16,0.693602,2.771532,0.943729,0.949866,-2.077930,-0.690725,2.777286
100,1.00,16,0.624552,2.760514,0.949715,0.949715,-2.135962,-0.886858,2.235902
100,0.00,17,0.424180,2.881000,0.892500,0.972994,-2.456820,-1.608461,0.512438
100,0.10,17,0.347909,2.865691,0.900588,0.973378,-2.517782,-1.821963,-0.082417
100,0.20,17,0.240682,2.850035,0.908865,0.974325,-2.609353,-2.127989,-0.924578
100,0.30,17,0.000000,2.834189,0.917233,0.974942,-2.834189,-2.834189,-2.834189
100,0.40,17,0.086729,2.817789,0.925885,0.975962,-2.731060,-2.557601,-2.123954
100,0.50,17,0.000000,2.801338,0.934582,0.976664,-2.801338,-2.801338,-2.801338
100,0.60,17,0.000000,2.785209,0.943090,0.976816,-2.785209,-2.785209,-2.785209
100,0.70,17,0.009896,2.769326,0.951500,0.976786,-2.759431,-2.739639,-2.690160
100,0.80,17,0.015583,2.752533,0.960356,0.977320,-2.736950,-2.705785,-2.627870
100,0.90,17,0.000000,2.736857,0.968651,0.977112,-2.736857,-2.736857,-2.736857
100,1.00,17,0.052277,2.719573,0.977793,0.977793,-2.667295,-2.562740,-2.301353
100,0.00,18,1.571326,2.885000,0.895500,0.978265,-1.313674,1.828978,9.685607
100,0.10,18,1.328463,2.869048,0.903901,0.979508,-1.540584,1.116343,7.758660
100,0.20,18,1.108964,2.852656,0.912530,0.980649,-1.743693,0.474235,6.019054
100,0.30,18,0.985221,2.836187,0.921188,0.981126,-1.850965,0.119478,5.045585
100,0.40,18,0.843373,2.819514,0.929963,0.981656,-1.976141,-0.289396,3.927469
100,0.50,18,0.639371,2.802460,0.938959,0.982418,-2.163088,-0.884346,2.312511
100,0.60,18,0.602264,2.785598,0.947825,0.982709,-2.183334,-0.978805,2.032517
100,0.70,18,0.565171,2.768340,0.956875,0.983179,-2.203169,-1.072828,1.753025
100,0.80,18,0.544288,2.751402,0.965813,0.983391,-2.207114,-1.118538,1.602902
100,0.90,18,0.498496,2.734010,0.974972,0.983802,-2.235513,-1.238520,1.253962
100,1.00,18,0.616107,2.716898,0.983963,0.983963,-2.100791,-0.868576,2.211961
100,0.00,19,1.116381,2.881000,0.891500,0.907242,-1.764619,0.468142,6.050044
100,0.10,19,0.890225,2.877875,0.893092,0.907417,-1.987651,-0.207201,4.243923
100,0.20,19,0.787563,2.873760,0.895211,0.910057,-2.086196,-0.511070,3.426747
100,0.30,19,0.554695,2.869418,0.897419,0.911229,-2.314723,-1.205332,1.568145
100,0.40,19,0.510205,2.865396,0.899457,0.911393,-2.355191,-1.334782,1.216242
100,0.50,19,0.379208,2.860522,0.902025,0.912549,-2.481314,-1.722899,0.173140
100,0.60,19,0.380293,2.855112,0.904742,0.913570,-2.474819,-1.714233,0.187233
100,0.70,19,0.389088,2.851543,0.906661,0.913159,-2.462455,-1.684280,0.261159
100,0.80,19,0.352430,2.846027,0.909370,0.913838,-2.493597,-1.788738,-0.026590
100,0.90,19,0.442933,2.842104,0.911471,0.913690,-2.399171,-1.513306,0.701356
100,1.00,19,0.430063,2.838318,0.913366,0.913366,-2.408255,-1.548130,0.602184
200,0.00,0,1.846671,2.877000,0.887000,0.984925,-1.030329,2.663012,11.896365
200,0.10,0,1.604276,2.858287,0.896780,0.984800,-1.254011,1.954541,9.975920
200,0.20,0,1.231504,2.839238,0.906729,0.985643,-1.607734,0.855275,7.012798
200,0.30,0,1.170124,2.820298,0.916609,0.985695,-1.650174,0.690074,6.540696
200,0.40,0,1.028495,2.801227,0.926594,0.985985,-1.772732,0.284258,5.426733
200,0.50,0,0.894264,2.782296,0.936495,0.985989,-1.888031,-0.099502,4.371820
200,0.60,0,0.838381,2.763196,0.946460,0.986099,-1.924815,-0.248052,3.943856
200,0.70,0,0.833033,2.743533,0.956703,0.986576,-1.910500,-0.244433,3.920733
200,0.80,0,0.857066,2.724933,0.966451,0.986314,-1.867867,-0.153736,4.131594
200,0.90,0,0.792732,2.705777,0.976444,0.986382,-1.913046,-0.327583,3.636075
200,1.00,0,0.839445,2.686578,0.986496,0.986496,-1.847133,-0.168244,4.028980
200,0.00,1,0.783404,2.900500,0.908500,0.896531,-2.117096,-0.550289,3.366729
200,0.10,1,0.724021,2.902784,0.907277,0.896271,-2.178763,-0.730720,2.889387
200,0.20,1,0.603447,2.904849,0.906192,0.896958,-2.301402,-1.094509,1.922725
200,0.30,1,0.594714,2.906845,0.905131,0.897271,-2.312131,-1.122702,1.850869
200,0.40,1,0.619662,2.908561,0.904298,0.897994,-2.288899,-1.049575,2.048735
200,0.50,1,0.475229,2.910093,0.903416,0.898332,-2.434864,-1.484407,0.891736
200,0.60,1,0.433826,2.911476,0.902736,0.898893,-2.477650,-1.609999,0.559129
200,0.70,1,0.438470,2.913136,0.901785,0.898908,-2.474666,-1.597725,0.594628
200,0.80,1,0.485716,2.915733,0.900358,0.898322,-2.430017,-1.458584,0.969998
200,0.90,1,0.466672,2.916757,0.899811,0.898846,-2.450085,-1.516740,0.816621
200,1.00,1,0.547484,2.917309,0.899649,0.899649,-2.369825,-1.274857,1.462563
200,0.00,2,1.394483,2.886500,0.898000,0.946357,-1.492017,1.296948,8.269362
200,0.10,2,1.251368,2.877328,0.902894,0.946939,-1.625960,0.876776,7.133615
200,0.20,2,1.097179,2.867932,0.907888,0.947438,-1.770753,0.423605,5.909499
200,0.30,2,0.924538,2.858622,0.912825,0.947416,-1.934085,-0.085009,4.537679
200,0.40,2,0.966825,2.849081,0.917901,0.947752,-1.882256,0.051395,4.885522
200,0.50,2,0.932003,2.839573,0.923013,0.948025,-1.907570,-0.043564,4.616450
200,0.60,2,0.680358,2.830286,0.927968,0.947946,-2.149928,-0.789212,2.612576
200,0.70,2,0.705095,2.819985,0.933378,0.948540,-2.114890,-0.704699,2.820777
200,0.80,2,0.827995,2.810398,0.938493,0.948617,-1.982403,-0.326414,3.813560
200,0.90,2,0.684378,2.800529,0.943839,0.948932,-2.116151,-0.747395,2.674496
200,1.00,2,0.849882,2.791111,0.948775,0.948775,-1.941229,-0.241465,4.007946
200,0.00,3,1.917328,2.887500,0.896500,0.923024,-0.970172,2.864485,12.451127
200,0.10,3,1.484933,2.881878,0.899358,0.925078,-1.396946,1.572920,8.997583
200,0.20,3,1.315420,2.876439,0.902138,0.924689,-1.561018,1.069822,7.646923
200,0.30,3,1.229977,2.870473,0.905192,0.925472,-1.640497,0.819457,6.969342
200,0.40,3,0.942445,2.864326,0.908331,0.926077,-1.921882,-0.036993,4.675230
200,0.50,3,0.725430,2.858037,0.911525,0.926550,-2.132607,-0.681747,2.945402
200,0.60,3,0.596264,2.852492,0.914372,0.926287,-2.256228,-1.063699,1.917623
200,0.70,3,0.533814,2.845604,0.917912,0.927089,-2.311790,-1.244162,1.424909
200,0.80,3,0.499665,2.839806,0.920963,0.927078,-2.340141,-1.340810,1.157517
200,0.90,3,0.533873,2.831319,0.925191,0.928379,-2.297446,-1.229699,1.439666
200,1.00,3,0.431416,2.825955,0.928100,0.928100,-2.394539,-1.531706,0.625375
200,0.00,4,1.486083,2.893500,0.901000,0.990135,-1.407417,1.564750,8.995166
200,0.10,4,1.358498,2.876219,0.909972,0.990722,-1.517721,1.199275,7.991764
200,0.20,4,1.145217,2.858803,0.919012,0.991059,-1.713586,0.576847,6.302931
200,0.30,4,0.882687,2.841318,0.928090,0.991301,-1.958631,-0.193257,4.220178
200,0.40,4,0.724499,2.823591,0.937292,0.991731,-2.099092,-0.650094,2.972399
200,0.50,4,0.610844,2.805896,0.946484,0.991968,-2.195052,-0.973364,2.080855
200,0.60,4,0.573679,2.788401,0.955569,0.991948,-2.214722,-1.067363,1.801033
200,0.70,4,0.581465,2.770580,0.964814,0.992162,-2.189115,-1.026186,1.881139
200,0.80,4,0.651636,2.752804,0.974043,0.992304,-2.101168,-0.797895,2.460287
200,0.90,4,0.557818,2.735065,0.983275,0.992416,-2.177247,-1.061611,1.727480
200,1.00,4,0.659651,2.717288,0.992497,0.992497,-2.057636,-0.738334,2.559923
200,0.00,5,1.645666,2.892000,0.900500,0.966778,-1.246334,2.044999,10.273331
200,0.10,5,1.306815,2.879110,0.907208,0.967578,-1.572295,1.041334,7.575408
200,0.20,5,0.956243,2.865891,0.914095,0.968476,-1.909648,0.002838,4.784051
200,0.30,5,0.773866,2.852507,0.921057,0.969024,-2.078641,-0.530909,3.338419
200,0.40,5,0.528505,2.838758,0.928235,0.969837,-2.310253,-1.253243,1.389283
200,0.50,5,0.443082,2.824911,0.935438,0.970375,-2.381828,-1.495664,0.719747
200,0.60,5,0.397911,2.811637,0.942356,0.970260,-2.413725,-1.617903,0.371653
200,0.70,5,0.219746,2.797789,0.949563,0.970590,-2.578043,-2.138551,-1.039821
200,0.80,5,0.487331,2.784639,0.956442,0.970427,-2.297308,-1.322645,1.114011
200,0.90,5,0.348630,2.770878,0.963598,0.970609,-2.422248,-1.724988,0.018161
200,1.00,5,0.496239,2.756869,0.970934,0.970934,-2.260630,-1.268153,1.213041
200,0.00,6,0.675300,2.887000,0.897500,0.988455,-2.211700,-0.861099,2.515404
200,0.10,6,0.454858,2.869662,0.906638,0.988883,-2.414803,-1.505087,0.769204
200,0.20,6,0.459832,2.852318,0.915781,0.988904,-2.392485,-1.472820,0.826342
200,0.30,6,0.223457,2.834612,0.925114,0.989546,-2.611155,-2.164240,-1.046953
200,0.40,6,0.292738,2.817143,0.934321,0.989552,-2.524405,-1.938928,-0.475236
200,0.50,6,0.234423,2.799626,0.943555,0.989611,-2.565202,-2.096356,-0.924239
200,0.60,6,0.236211,2.781926,0.952872,0.989786,-2.545715,-2.073294,-0.892241
200,0.70,6,0.198658,2.764027,0.962304,0.990078,-2.565369,-2.168053,-1.174761
200,0.80,6,0.116729,2.746669,0.971467,0.989959,-2.629940,-2.396481,-1.812834
200,0.90,6,0.255043,2.729051,0.980743,0.989992,-2.474008,-1.963922,-0.688708
200,1.00,6,0.218602,2.711035,0.990212,0.990212,-2.492432,-2.055227,-0.962215
200,0.00,7,1.675567,2.893500,0.901000,0.979626,-1.217933,2.133200,10.511032
200,0.10,7,1.373683,2.877989,0.909034,0.981342,-1.504307,1.243059,8.111473
200,0.20,7,1.241905,2.862036,0.917297,0.982487,-1.620131,0.863679,7.073202
200,0.30,7,1.055227,2.845387,0.925935,0.984115,-1.790160,0.320294,5.596430
200,0.40,7,0.946761,2.829133,0.934356,0.984390,-1.882372,0.011150,4.744956
200,0.50,7,0.832305,2.812509,0.942989,0.984977,-1.980204,-0.315594,3.845930
200,0.60,7,0.688509,2.795703,0.951712,0.985520,-2.107194,-0.730176,2.712369
200,0.70,7,0.699578,2.778918,0.960430,0.985900,-2.079340,-0.680184,2.817706
200,0.80,7,0.723452,2.762075,0.969157,0.986196,-2.038623,-0.591720,3.025539
200,0.90,7,0.679788,2.745636,0.977721,0.986245,-2.065848,-0.706272,2.692668
200,1.00,7,0.802359,2.729229,0.986215,0.986215,-1.926870,-0.322152,3.689643
200,0.00,8,1.503816,2.894000,0.904000,0.957029,-1.390184,1.617448,9.136528
200,0.10,8,1.308869,2.883728,0.909435,0.958347,-1.574859,1.042879,7.587223
200,0.20,8,1.019329,2.873386,0.914899,0.958497,-1.854057,0.184602,5.281249
200,0.30,8,0.939386,2.862543,0.920622,0.959405,-1.923157,-0.044386,4.652542
200,0.40,8,0.629473,2.851723,0.926364,0.959910,-2.222250,-0.963304,2.184060
200,0.50,8,0.653823,2.840788,0.932148,0.960297,-2.186965,-0.879320,2.389793
200,0.60,8,0.435529,2.830101,0.937772,0.960287,-2.394571,-1.523513,0.654133
200,0.70,8,0.531538,2.818848,0.943764,0.960806,-2.287310,-1.224233,1.433459
200,0.80,8,0.549905,2.808228,0.949357,0.960696,-2.258323,-1.158513,1.591014
200,0.90,8,0.571970,2.797099,0.955282,0.960980,-2.225129,-1.081189,1.778661
200,1.00,8,0.593002,2.786282,0.960943,0.960943,-2.193281,-1.007277,1.957731
200,0.00,9,1.267086,2.895000,0.902000,0.968160,-1.627914,0.906259,7.241690
200,0.10,9,1.095421,2.882058,0.908678,0.968779,-1.786636,0.404206,5.881313
200,0.20,9,0.902940,2.868743,0.915545,0.969725,-1.965803,-0.159923,4.354776
200,0.30,9,0.739396,2.855384,0.922429,0.970098,-2.115988,-0.637195,3.059787
200,0.40,9,0.420270,2.841296,0.929713,0.971282,-2.421026,-1.580486,0.520864
200,0.50,9,0.381395,2.827645,0.936750,0.971501,-2.446250,-1.683459,0.223517
200,0.60,9,0.369593,2.814041,0.943812,0.971686,-2.444448,-1.705263,0.142700
200,0.70,9,0.202945,2.799691,0.951152,0.972218,-2.596746,-2.190857,-1.176134
200,0.80,9,0.308676,2.785240,0.958668,0.972835,-2.476564,-1.859211,-0.315830
200,0.90,9,0.373686,2.771363,0.965818,0.972909,-2.397678,-1.650306,0.218122
200,1.00,9,0.360816,2.756965,0.973237,0.973237,-2.396150,-1.674518,0.129560
200,0.00,10,2.050394,2.878000,0.888500,0.968965,-0.827606,3.273182,13.525152
200,0.10,10,1.823946,2.862516,0.896613,0.969629,-1.038570,2.609322,11.729052
200,0.20,10,1.366998,2.846697,0.904894,0.970471,-1.479698,1.254298,8.089290
200,0.30,10,1.107639,2.831078,0.913078,0.970425,-1.723440,0.491838,6.030030
200,0.40,10,0.966949,2.815057,0.921443,0.970856,-1.848108,0.085790,4.920534
200,0.50,10,0.870677,2.799016,0.929851,0.971202,-1.928339,-0.186985,4.166400
200,0.60,10,0.894359,2.782926,0.938272,0.971454,-1.888567,-0.099849,4.371946
200,0.70,10,0.837210,2.766161,0.947047,0.972139,-1.928952,-0.254532,3.931517
200,0.80,10,0.945475,2.750037,0.955484,0.972230,-1.804562,0.086389,4.813766
200,0.90,10,0.839451,2.733919,0.963887,0.972263,-1.894468,-0.215566,3.981690
200,1.00,10,0.887999,2.717656,0.972399,0.972399,-1.829657,-0.053658,4.386339
200,0.00,11,0.607266,2.881000,0.896500,0.957044,-2.273734,-1.059203,1.977126
200,0.10,11,0.446059,2.869957,0.902566,0.957163,-2.423898,-1.531780,0.698515
200,0.20,11,0.435737,2.858655,0.908784,0.957918,-2.422918,-1.551443,0.627244
200,0.30,11,0.383057,2.847263,0.915034,0.958282,-2.464206,-1.698091,0.217196
200,0.40,11,0.366251,2.835500,0.921479,0.958947,-2.469249,-1.736746,0.094510
200,0.50,11,0.248379,2.823753,0.927899,0.959298,-2.575374,-2.078617,-0.836723
200,0.60,11,0.394465,2.812331,0.934177,0.959294,-2.417867,-1.628938,0.343385
200,0.70,11,0.349379,2.800415,0.940712,0.959660,-2.451037,-1.752279,-0.005385
200,0.80,11,0.334430,2.788892,0.947026,0.959657,-2.454462,-1.785601,-0.113450
200,0.90,11,0.445280,2.776583,0.953783,0.960148,-2.331303,-1.440744,0.785654
200,1.00,11,0.345640,2.764798,0.960278,0.960278,-2.419158,-1.727878,0.000321
200,0.00,12,1.200963,2.898000,0.910000,0.982291,-1.697037,0.704890,6.709707
200,0.10,12,1.058842,2.884454,0.917293,0.982927,-1.825612,0.292072,5.586282
200,0.20,12,0.760736,2.870798,0.924652,0.983262,-2.110062,-0.588589,3.215092
200,0.30,12,0.559821,2.857059,0.932041,0.983470,-2.297239,-1.177598,1.621505
200,0.40,12,0.542019,2.842905,0.939665,0.984162,-2.300886,-1.216848,1.493245
200,0.50,12,0.529775,2.829252,0.947004,0.984007,-2.299476,-1.239926,1.408950
200,0.60,12,0.485807,2.815295,0.954511,0.984186,-2.329488,-1.357873,1.071162
200,0.70,12,0.442213,2.801222,0.962088,0.984411,-2.359008,-1.474581,0.736486
200,0.80,12,0.463399,2.786956,0.969756,0.984694,-2.323556,-1.396758,0.920238
200,0.90,12,0.546004,2.773407,0.977036,0.984484,-2.227403,-1.135396,1.594623
200,1.00,12,0.477412,2.758956,0.984777,0.984777,-2.281544,-1.326719,1.060341
200,0.00,13,0.701147,2.889000,0.899500,0.996116,-2.187853,-0.785560,2.720174
200,0.10,13,0.727296,2.870661,0.909174,0.996236,-2.143365,-0.688774,2.947705
200,0.20,13,0.653327,2.852289,0.918864,0.996321,-2.198962,-0.892307,2.374330
200,0.30,13,0.480365,2.833855,0.928586,0.996453,-2.353490,-1.392761,1.009064
200,0.40,13,0.486871,2.815437,0.938295,0.996486,-2.328566,-1.354825,1.079529
200,0.50,13,0.566835,2.796935,0.948072,0.996643,-2.230100,-1.096431,1.737742
200,0.60,13,0.524172,2.778458,0.957821,0.996701,-2.254286,-1.205943,1.414915
200,0.70,13,0.529371,2.760100,0.967498,0.996639,-2.230729,-1.171986,1.474870
200,0.80,13,0.531066,2.741591,0.977267,0.996709,-2.210526,-1.148394,1.506934
200,0.90,13,0.514803,2.723099,0.987019,0.996743,-2.208296,-1.178691,1.395323
200,1.00,13,0.491824,2.704583,0.996797,0.996797,-2.212758,-1.229110,1.230011
200,0.00,14,1.265287,2.892500,0.902500,0.961842,-1.627213,0.903361,7.229796
200,0.10,14,1.081236,2.880970,0.908516,0.962662,-1.799734,0.362738,5.768918
200,0.20,14,0.767602,2.869044,0.914716,0.963579,-2.101441,-0.566237,3.271774
200,0.30,14,0.621790,2.857222,0.920900,0.963835,-2.235431,-0.991850,2.117102
200,0.40,14,0.426682,2.844242,0.927654,0.965385,-2.417559,-1.564195,0.569217
200,0.50,14,0.443549,2.832788,0.933625,0.964751,-2.389239,-1.502141,0.715604
200,0.60,14,0.478120,2.820685,0.939941,0.964902,-2.342565,-1.386325,1.004276
200,0.70,14,0.406972,2.807714,0.946684,0.965620,-2.400742,-1.586798,0.448062
200,0.80,14,0.374935,2.794624,0.953532,0.966290,-2.419689,-1.669819,0.204856
200,0.90,14,0.425086,2.783290,0.959376,0.965696,-2.358204,-1.508033,0.617395
200,1.00,14,0.372824,2.769315,0.966728,0.966728,-2.396492,-1.650845,0.213273
200,0.00,15,1.322615,2.874500,0.888500,0.944098,-1.551885,1.093345,7.706419
200,0.10,15,1.056308,2.863906,0.894186,0.945364,-1.807598,0.305019,5.586561
200,0.20,15,0.912611,2.853123,0.899988,0.945939,-1.940512,-0.115289,4.447767
200,0.30,15,0.786601,2.841699,0.906111,0.947203,-2.055099,-0.481897,3.451106
200,0.40,15,0.689813,2.830276,0.912221,0.947803,-2.140464,-0.760838,2.688226
200,0.50,15,0.604823,2.818991,0.918290,0.948080,-2.214167,-1.004520,2.019597
200,0.60,15,0.563461,2.807737,0.924318,0.948197,-2.244276,-1.117353,1.699953
200,0.70,15,0.632780,2.796812,0.930195,0.948064,-2.164032,-0.898471,2.265431
200,0.80,15,0.612008,2.785118,0.936508,0.948510,-2.173110,-0.949093,2.110949
200,0.90,15,0.680454,2.772598,0.943164,0.949238,-2.092145,-0.731237,2.671032
200,1.00,15,0.611180,2.761702,0.949086,0.949086,-2.150523,-0.928163,2.127736
200,0.00,16,0.426480,2.881000,0.892500,0.972984,-2.454520,-1.601561,0.530836
200,0.10,16,0.349875,2.865693,0.900587,0.973367,-2.515818,-1.816067,-0.066690
200,0.20,16,0.242427,2.850039,0.908863,0.974315,-2.607612,-2.122758,-0.910623
200,0.30,16,0.000000,2.834195,0.917230,0.974932,-2.834195,-2.834195,-2.834195
200,0.40,16,0.087321,2.817796,0.925881,0.975952,-2.730475,-2.555833,-2.119227
200,0.50,16,0.000000,2.801347,0.934578,0.976655,-2.801347,-2.801347,-2.801347
200,0.60,16,0.000000,2.785219,0.943084,0.976807,-2.785219,-2.785219,-2.785219
200,0.70,16,0.010251,2.769338,0.951494,0.976777,-2.759088,-2.738586,-2.687333
200,0.80,16,0.015996,2.752546,0.960349,0.977312,-2.736550,-2.704559,-2.624580
200,0.90,16,0.000000,2.736872,0.968643,0.977104,-2.736872,-2.736872,-2.736872
200,1.00,16,0.052725,2.719588,0.977785,0.977785,-2.666863,-2.561413,-2.297789
200,0.00,17,1.536733,2.885000,0.895500,0.976104,-1.348267,1.725200,9.408868
200,0.10,17,1.298524,2.869447,0.903691,0.977405,-1.570923,1.026125,7.518745
200,0.20,17,1.083937,2.853431,0.912122,0.978609,-1.769494,0.398381,5.818068
200,0.30,17,0.960450,2.837332,0.920583,0.979111,-1.876883,0.044016,4.846264
200,0.40,17,0.823243,2.821020,0.929168,0.979670,-1.997777,-0.351291,3.764925
200,0.50,17,0.624906,2.804298,0.937991,0.980482,-2.179392,-0.929579,2.194952
200,0.60,17,0.592789,2.787778,0.946676,0.980794,-2.194988,-1.009409,1.954538
200,0.70,17,0.554845,2.770830,0.955560,0.981300,-2.215985,-1.106294,1.667931
200,0.80,17,0.537605,2.754225,0.964324,0.981530,-2.216620,-1.141411,1.546612
200,0.90,17,0.493233,2.737139,0.973322,0.981969,-2.243906,-1.257440,1.208726
200,1.00,17,0.615290,2.720346,0.982144,0.982144,-2.105056,-0.874477,2.201971
200,0.00,18,0.939241,2.881000,0.891500,0.896751,-1.941759,-0.063278,4.632925
200,0.10,18,0.728798,2.879875,0.892035,0.896848,-2.151076,-0.693480,2.950512
200,0.20,18,0.635442,2.877690,0.893135,0.899674,-2.242248,-0.971363,2.205848
200,0.30,18,0.408779,2.875281,0.894317,0.900891,-2.466502,-1.648943,0.394952
200,0.40,18,0.377789,2.873263,0.895294,0.900986,-2.495474,-1.739895,0.149050
200,0.50,18,0.247728,2.870284,0.896865,0.902231,-2.622556,-2.127101,-0.888462
200,0.60,18,0.255593,2.866799,0.898559,0.903265,-2.611206,-2.100019,-0.822052
200,0.70,18,0.272876,2.865298,0.899393,0.902776,-2.592422,-2.046670,-0.682290
200,0.80,18,0.240493,2.861654,0.901099,0.903499,-2.621161,-2.140174,-0.937709
200,0.90,18,0.325122,2.859810,0.902108,0.903287,-2.534688,-1.884444,-0.258833
200,1.00,18,0.313655,2.858108,0.902894,0.902894,-2.544453,-1.917142,-0.348864
200,0.00,19,0.894729,2.902500,0.908500,0.934555,-2.007771,-0.218312,4.255333
200,0.10,19,0.772282,2.897328,0.911094,0.934440,-2.125047,-0.580484,3.280925
200,0.20,19,0.783424,2.891844,0.913849,0.935247,-2.108420,-0.541572,3.375549
200,0.30,19,0.661148,2.886241,0.916688,0.935794,-2.225093,-0.902797,2.402943
200,0.40,19,0.750460,2.881107,0.919242,0.935354,-2.130647,-0.629726,3.122575
200,0.50,19,0.620275,2.874685,0.922455,0.936411,-2.254410,-1.013860,2.087513
200,0.60,19,0.638775,2.868495,0.925612,0.937021,-2.229720,-0.952170,2.241705
200,0.70,19,0.669344,2.863408,0.928162,0.936588,-2.194064,-0.855376,2.491346
200,0.80,19,0.494737,2.856614,0.931533,0.937291,-2.361877,-1.372402,1.101285
200,0.90,19,0.595208,2.850320,0.934757,0.937675,-2.255112,-1.064696,1.911343
200,1.00,19,0.664582,2.845368,0.937249,0.937249,-2.180786,-0.851621,2.471290
