mode,alpha,seed,H,kl_noisy,mean_body_out,rho_current,action_var
coupled,0.0,0,0,3.535336,0.883504,1.1447,0.09106489
coupled,0.0,0,15,1.519570,0.985272,0.9900,0.09106489
coupled,0.0,0,30,0.667787,0.983614,0.9900,0.09106489
coupled,0.0,0,45,0.799636,0.982514,0.9900,0.09106489
coupled,0.0,0,60,0.869196,0.982051,0.9900,0.09106489
coupled,0.0,0,75,0.827419,0.981996,0.9900,0.09106489
coupled,0.0,0,90,0.774502,0.981450,0.9900,0.09106489
coupled,0.0,0,105,0.634520,0.981597,0.9900,0.09106489
coupled,0.0,0,120,0.795978,0.981362,0.9900,0.09106489
coupled,0.0,0,135,0.933977,0.981555,0.9900,0.09106489
coupled,0.0,0,150,0.669838,0.981651,0.9900,0.09106489
coupled,0.0,0,165,0.658472,0.981271,0.9900,0.09106489
coupled,0.0,0,180,0.877807,0.981268,0.9900,0.09106489
coupled,0.0,0,195,0.785453,0.981188,0.9900,0.09106489
coupled,0.0,0,210,0.705247,0.981297,0.9900,0.09106489
coupled,0.0,0,225,0.611733,0.981203,0.9900,0.09106489
coupled,0.0,0,240,0.716503,0.981013,0.9900,0.09106489
coupled,0.0,0,255,0.813513,0.980756,0.9900,0.09106489
coupled,0.0,0,270,0.888183,0.981042,0.9900,0.09106489
coupled,0.0,0,285,0.789484,0.981074,0.9900,0.09106489
coupled,0.0,0,300,0.933912,0.981020,0.9900,0.09106489
coupled,0.5,0,0,2.234374,0.903282,1.1447,0.03047428
coupled,0.5,0,15,0.795772,0.987428,0.9900,0.02312294
coupled,0.5,0,30,0.000000,0.985996,0.9900,0.02296864
coupled,0.5,0,45,0.084826,0.985180,0.9900,0.02297672
coupled,0.5,0,60,0.138107,0.984782,0.9900,0.02297427
coupled,0.5,0,75,0.115784,0.984767,0.9900,0.02297718
coupled,0.5,0,90,0.018573,0.984429,0.9900,0.02299957
coupled,0.5,0,105,0.000000,0.984470,0.9900,0.02298545
coupled,0.5,0,120,0.097903,0.984229,0.9900,0.02300790
coupled,0.5,0,135,0.126601,0.984423,0.9900,0.02301820
coupled,0.5,0,150,0.000000,0.984468,0.9900,0.02304570
coupled,0.5,0,165,0.000000,0.984237,0.9900,0.02299494
coupled,0.5,0,180,0.138257,0.984190,0.9900,0.02303454
coupled,0.5,0,195,0.031215,0.984171,0.9900,0.02303610
coupled,0.5,0,210,0.000000,0.984221,0.9900,0.02304448
coupled,0.5,0,225,0.000000,0.984080,0.9900,0.02301830
coupled,0.5,0,240,0.000000,0.983948,0.9900,0.02301258
coupled,0.5,0,255,0.106359,0.983780,0.9900,0.02306809
coupled,0.5,0,270,0.144998,0.984032,0.9900,0.02304375
coupled,0.5,0,285,0.048066,0.984024,0.9900,0.02302791
coupled,0.5,0,300,0.202710,0.983991,0.9900,0.02302105
coupled,1.0,0,0,1.368128,0.915159,1.1447,0.00313505
coupled,1.0,0,15,0.834808,0.988062,0.9900,0.00001834
coupled,1.0,0,30,0.029658,0.986732,0.9900,0.00001774
coupled,1.0,0,45,0.076478,0.986009,0.9900,0.00001832
coupled,1.0,0,60,0.175271,0.985641,0.9900,0.00002014
coupled,1.0,0,75,0.136957,0.985636,0.9900,0.00001918
coupled,1.0,0,90,0.076038,0.985368,0.9900,0.00002104
coupled,1.0,0,105,0.000000,0.985369,0.9900,0.00002029
coupled,1.0,0,120,0.114601,0.985124,0.9900,0.00001955
coupled,1.0,0,135,0.137266,0.985331,0.9900,0.00002137
coupled,1.0,0,150,0.000000,0.985353,0.9900,0.00001977
coupled,1.0,0,165,0.000000,0.985180,0.9900,0.00002209
coupled,1.0,0,180,0.197611,0.985116,0.9900,0.00002127
coupled,1.0,0,195,0.042437,0.985112,0.9900,0.00002250
coupled,1.0,0,210,0.002392,0.985143,0.9900,0.00002153
coupled,1.0,0,225,0.000000,0.984988,0.9900,0.00002122
coupled,1.0,0,240,0.000000,0.984873,0.9900,0.00002258
coupled,1.0,0,255,0.136660,0.984731,0.9900,0.00002406
coupled,1.0,0,270,0.171978,0.984973,0.9900,0.00002163
coupled,1.0,0,285,0.044907,0.984952,0.9900,0.00002077
coupled,1.0,0,300,0.210806,0.984923,0.9900,0.00002134
coupled,-1.0,0,0,2.882759,0.891542,1.1447,0.06289384
coupled,-1.0,0,15,0.942141,0.986776,0.9900,0.04313006
coupled,-1.0,0,30,0.069597,0.985390,0.9900,0.04017080
coupled,-1.0,0,45,0.180649,0.984527,0.9900,0.03995312
coupled,-1.0,0,60,0.232789,0.984144,0.9900,0.03990037
coupled,-1.0,0,75,0.211697,0.984091,0.9900,0.03987865
coupled,-1.0,0,90,0.132220,0.983703,0.9900,0.03988279
coupled,-1.0,0,105,0.020478,0.983772,0.9900,0.03989453
coupled,-1.0,0,120,0.204683,0.983519,0.9900,0.03976090
coupled,-1.0,0,135,0.255789,0.983747,0.9900,0.03998537
coupled,-1.0,0,150,0.034580,0.983792,0.9900,0.03975103
coupled,-1.0,0,165,0.023260,0.983508,0.9900,0.03979354
coupled,-1.0,0,180,0.237549,0.983484,0.9900,0.03993906
coupled,-1.0,0,195,0.140198,0.983430,0.9900,0.03990293
coupled,-1.0,0,210,0.076151,0.983493,0.9900,0.03999269
coupled,-1.0,0,225,0.008320,0.983381,0.9900,0.03976779
coupled,-1.0,0,240,0.038392,0.983227,0.9900,0.03966230
coupled,-1.0,0,255,0.211187,0.983049,0.9900,0.03978121
coupled,-1.0,0,270,0.262426,0.983278,0.9900,0.03992275
coupled,-1.0,0,285,0.172654,0.983300,0.9900,0.03988414
coupled,-1.0,0,300,0.304257,0.983263,0.9900,0.03984114
coupled,0.0,1,0,3.302873,0.881980,0.9000,0.08732222
coupled,0.0,1,15,1.492138,0.966039,0.9900,0.08732222
coupled,0.0,1,30,1.633751,0.971484,0.9900,0.08732222
coupled,0.0,1,45,1.273524,0.976060,0.9900,0.08732222
coupled,0.0,1,60,1.381982,0.977809,0.9900,0.08732222
coupled,0.0,1,75,0.993645,0.978417,0.9900,0.08732222
coupled,0.0,1,90,1.019879,0.977939,0.9900,0.08732222
coupled,0.0,1,105,1.061098,0.978239,0.9900,0.08732222
coupled,0.0,1,120,0.995708,0.978365,0.9900,0.08732222
coupled,0.0,1,135,0.929004,0.978297,0.9900,0.08732222
coupled,0.0,1,150,1.135501,0.978171,0.9900,0.08732222
coupled,0.0,1,165,0.993400,0.977979,0.9900,0.08732222
coupled,0.0,1,180,1.020095,0.978152,0.9900,0.08732222
coupled,0.0,1,195,0.904972,0.978104,0.9900,0.08732222
coupled,0.0,1,210,1.014163,0.977879,0.9900,0.08732222
coupled,0.0,1,225,1.104691,0.977896,0.9900,0.08732222
coupled,0.0,1,240,1.050445,0.978075,0.9900,0.08732222
coupled,0.0,1,255,1.174953,0.978042,0.9900,0.08732222
coupled,0.0,1,270,1.122937,0.978262,0.9900,0.08732222
coupled,0.0,1,285,1.084609,0.977906,0.9900,0.08732222
coupled,0.0,1,300,1.034530,0.978262,0.9900,0.08732222
coupled,0.5,1,0,2.248710,0.895628,0.9000,0.03716414
coupled,0.5,1,15,0.672154,0.969714,0.9900,0.02288229
coupled,0.5,1,30,0.851927,0.974582,0.9900,0.02264012
coupled,0.5,1,45,0.492097,0.978771,0.9900,0.02240137
coupled,0.5,1,60,0.585706,0.980453,0.9900,0.02243422
coupled,0.5,1,75,0.283703,0.981085,0.9900,0.02241727
coupled,0.5,1,90,0.293862,0.980817,0.9900,0.02242300
coupled,0.5,1,105,0.327475,0.980974,0.9900,0.02239072
coupled,0.5,1,120,0.364134,0.980993,0.9900,0.02235793
coupled,0.5,1,135,0.236114,0.980970,0.9900,0.02251058
coupled,0.5,1,150,0.461404,0.980967,0.9900,0.02242204
coupled,0.5,1,165,0.310511,0.980794,0.9900,0.02240818
coupled,0.5,1,180,0.315110,0.980900,0.9900,0.02236346
coupled,0.5,1,195,0.263230,0.980921,0.9900,0.02236577
coupled,0.5,1,210,0.285897,0.980652,0.9900,0.02236104
coupled,0.5,1,225,0.396834,0.980668,0.9900,0.02242820
coupled,0.5,1,240,0.390131,0.980843,0.9900,0.02239223
coupled,0.5,1,255,0.462886,0.980809,0.9900,0.02243103
coupled,0.5,1,270,0.442435,0.980955,0.9900,0.02244141
coupled,0.5,1,285,0.364635,0.980644,0.9900,0.02244956
coupled,0.5,1,300,0.354859,0.980866,0.9900,0.02237873
coupled,1.0,1,0,1.633611,0.903554,0.9000,0.00939690
coupled,1.0,1,15,0.647599,0.970979,0.9900,0.00010514
coupled,1.0,1,30,0.822187,0.975552,0.9900,0.00007873
coupled,1.0,1,45,0.441773,0.979559,0.9900,0.00004851
coupled,1.0,1,60,0.531025,0.981293,0.9900,0.00004765
coupled,1.0,1,75,0.298116,0.981982,0.9900,0.00004118
coupled,1.0,1,90,0.284497,0.981818,0.9900,0.00004045
coupled,1.0,1,105,0.355376,0.981930,0.9900,0.00004036
coupled,1.0,1,120,0.338401,0.981921,0.9900,0.00003949
coupled,1.0,1,135,0.225059,0.981915,0.9900,0.00004673
coupled,1.0,1,150,0.474057,0.981970,0.9900,0.00004157
coupled,1.0,1,165,0.282500,0.981815,0.9900,0.00004273
coupled,1.0,1,180,0.327684,0.981895,0.9900,0.00003823
coupled,1.0,1,195,0.278831,0.981933,0.9900,0.00003878
coupled,1.0,1,210,0.286303,0.981653,0.9900,0.00003915
coupled,1.0,1,225,0.405744,0.981656,0.9900,0.00004031
coupled,1.0,1,240,0.363560,0.981818,0.9900,0.00003980
coupled,1.0,1,255,0.433567,0.981791,0.9900,0.00004206
coupled,1.0,1,270,0.461287,0.981903,0.9900,0.00004241
coupled,1.0,1,285,0.363020,0.981599,0.9900,0.00004245
coupled,1.0,1,300,0.343586,0.981776,0.9900,0.00004022
coupled,-1.0,1,0,2.606616,0.888786,0.9000,0.05845160
coupled,-1.0,1,15,0.805386,0.968464,0.9900,0.03746980
coupled,-1.0,1,30,0.985926,0.973326,0.9900,0.03789619
coupled,-1.0,1,45,0.636217,0.977743,0.9900,0.03748053
coupled,-1.0,1,60,0.718876,0.979540,0.9900,0.03725829
coupled,-1.0,1,75,0.404839,0.980356,0.9900,0.03719106
coupled,-1.0,1,90,0.393281,0.980085,0.9900,0.03703878
coupled,-1.0,1,105,0.448696,0.980256,0.9900,0.03708827
coupled,-1.0,1,120,0.467017,0.980310,0.9900,0.03712474
coupled,-1.0,1,135,0.351290,0.980266,0.9900,0.03724474
coupled,-1.0,1,150,0.580257,0.980301,0.9900,0.03713969
coupled,-1.0,1,165,0.424772,0.980168,0.9900,0.03724330
coupled,-1.0,1,180,0.428987,0.980269,0.9900,0.03724483
coupled,-1.0,1,195,0.367782,0.980194,0.9900,0.03716391
coupled,-1.0,1,210,0.401073,0.979989,0.9900,0.03705985
coupled,-1.0,1,225,0.520339,0.979952,0.9900,0.03697569
coupled,-1.0,1,240,0.486136,0.980114,0.9900,0.03707572
coupled,-1.0,1,255,0.578042,0.980119,0.9900,0.03713855
coupled,-1.0,1,270,0.551270,0.980273,0.9900,0.03726268
coupled,-1.0,1,285,0.472808,0.979953,0.9900,0.03723928
coupled,-1.0,1,300,0.441839,0.980199,0.9900,0.03705570
coupled,0.0,2,0,3.221727,0.880850,0.8168,0.09371156
coupled,0.0,2,15,0.863633,0.983915,0.9900,0.09371156
coupled,0.0,2,30,1.021684,0.982043,0.9900,0.09371156
coupled,0.0,2,45,1.054084,0.978745,0.9900,0.09371156
coupled,0.0,2,60,0.816555,0.977686,0.9900,0.09371156
coupled,0.0,2,75,0.833935,0.977127,0.9900,0.09371156
coupled,0.0,2,90,0.877269,0.976825,0.9900,0.09371156
coupled,0.0,2,105,0.833641,0.976378,0.9900,0.09371156
coupled,0.0,2,120,0.901199,0.975813,0.9900,0.09371156
coupled,0.0,2,135,0.847400,0.975729,0.9900,0.09371156
coupled,0.0,2,150,0.844400,0.975444,0.9900,0.09371156
coupled,0.0,2,165,0.948693,0.974418,0.9900,0.09371156
coupled,0.0,2,180,0.813981,0.974806,0.9900,0.09371156
coupled,0.0,2,195,0.843784,0.974601,0.9900,0.09371156
coupled,0.0,2,210,1.028469,0.974238,0.9900,0.09371156
coupled,0.0,2,225,0.775614,0.973771,0.9900,0.09371156
coupled,0.0,2,240,0.909878,0.974150,0.9900,0.09371156
coupled,0.0,2,255,0.658092,0.974447,0.9900,0.09371156
coupled,0.0,2,270,0.681129,0.974541,0.9900,0.09371156
coupled,0.0,2,285,0.714771,0.974395,0.9900,0.09371156
coupled,0.0,2,300,0.931998,0.974619,0.9900,0.09371156
coupled,0.5,2,0,1.786085,0.902724,0.8168,0.03184775
coupled,0.5,2,15,0.074780,0.986584,0.9900,0.02391552
coupled,0.5,2,30,0.105605,0.984583,0.9900,0.02393933
coupled,0.5,2,45,0.265107,0.981789,0.9900,0.02400388
coupled,0.5,2,60,0.058702,0.980894,0.9900,0.02405449
coupled,0.5,2,75,0.043895,0.980438,0.9900,0.02403734
coupled,0.5,2,90,0.160706,0.980020,0.9900,0.02408441
coupled,0.5,2,105,0.090808,0.979633,0.9900,0.02413329
coupled,0.5,2,120,0.115147,0.979145,0.9900,0.02415847
coupled,0.5,2,135,0.121424,0.978817,0.9900,0.02404346
coupled,0.5,2,150,0.110671,0.978586,0.9900,0.02410603
coupled,0.5,2,165,0.187940,0.977801,0.9900,0.02411947
coupled,0.5,2,180,0.031809,0.978009,0.9900,0.02409579
coupled,0.5,2,195,0.131931,0.977965,0.9900,0.02407071
coupled,0.5,2,210,0.272946,0.977729,0.9900,0.02409518
coupled,0.5,2,225,0.000000,0.977393,0.9900,0.02420914
coupled,0.5,2,240,0.209416,0.977599,0.9900,0.02416203
coupled,0.5,2,255,0.000000,0.977942,0.9900,0.02414208
coupled,0.5,2,270,0.000000,0.978076,0.9900,0.02415859
coupled,0.5,2,285,0.055052,0.977856,0.9900,0.02409000
coupled,0.5,2,300,0.177041,0.978013,0.9900,0.02414921
coupled,1.0,2,0,1.074943,0.918079,0.8168,0.00250118
coupled,1.0,2,15,0.096489,0.987412,0.9900,0.00002308
coupled,1.0,2,30,0.082815,0.985493,0.9900,0.00003026
coupled,1.0,2,45,0.274819,0.982877,0.9900,0.00003639
coupled,1.0,2,60,0.031470,0.982019,0.9900,0.00004320
coupled,1.0,2,75,0.053400,0.981583,0.9900,0.00004033
coupled,1.0,2,90,0.197163,0.981100,0.9900,0.00004508
coupled,1.0,2,105,0.105003,0.980714,0.9900,0.00004883
coupled,1.0,2,120,0.111219,0.980234,0.9900,0.00004862
coupled,1.0,2,135,0.140412,0.979813,0.9900,0.00004694
coupled,1.0,2,150,0.133701,0.979613,0.9900,0.00005122
coupled,1.0,2,165,0.176921,0.978943,0.9900,0.00005531
coupled,1.0,2,180,0.029508,0.979090,0.9900,0.00005106
coupled,1.0,2,195,0.185499,0.979129,0.9900,0.00005272
coupled,1.0,2,210,0.269204,0.978952,0.9900,0.00005216
coupled,1.0,2,225,0.000000,0.978674,0.9900,0.00006282
coupled,1.0,2,240,0.208332,0.978819,0.9900,0.00005648
coupled,1.0,2,255,0.000000,0.979179,0.9900,0.00005046
coupled,1.0,2,270,0.000000,0.979333,0.9900,0.00005429
coupled,1.0,2,285,0.034238,0.979075,0.9900,0.00005152
coupled,1.0,2,300,0.211475,0.979214,0.9900,0.00005189
coupled,-1.0,2,0,2.340624,0.890266,0.8168,0.06046687
coupled,-1.0,2,15,0.237262,0.985600,0.9900,0.04542528
coupled,-1.0,2,30,0.304860,0.983788,0.9900,0.04482378
coupled,-1.0,2,45,0.420872,0.980751,0.9900,0.04439435
coupled,-1.0,2,60,0.208450,0.979719,0.9900,0.04452991
coupled,-1.0,2,75,0.224011,0.979187,0.9900,0.04448108
coupled,-1.0,2,90,0.310580,0.978859,0.9900,0.04439967
coupled,-1.0,2,105,0.232453,0.978371,0.9900,0.04444588
coupled,-1.0,2,120,0.291717,0.977807,0.9900,0.04424146
coupled,-1.0,2,135,0.267819,0.977558,0.9900,0.04393979
coupled,-1.0,2,150,0.247984,0.977365,0.9900,0.04405897
coupled,-1.0,2,165,0.350238,0.976531,0.9900,0.04425808
coupled,-1.0,2,180,0.198966,0.976767,0.9900,0.04404986
coupled,-1.0,2,195,0.275796,0.976728,0.9900,0.04405808
coupled,-1.0,2,210,0.436004,0.976426,0.9900,0.04428480
coupled,-1.0,2,225,0.129345,0.976103,0.9900,0.04427071
coupled,-1.0,2,240,0.368897,0.976434,0.9900,0.04427184
coupled,-1.0,2,255,0.066460,0.976737,0.9900,0.04428595
coupled,-1.0,2,270,0.106857,0.976818,0.9900,0.04425873
coupled,-1.0,2,285,0.180911,0.976645,0.9900,0.04419671
coupled,-1.0,2,300,0.330139,0.976869,0.9900,0.04419015
coupled,0.0,3,0,2.992410,0.872038,0.9000,0.09423822
coupled,0.0,3,15,1.736680,0.964949,0.9900,0.09423822
coupled,0.0,3,30,1.926250,0.971824,0.9900,0.09423822
coupled,0.0,3,45,1.557408,0.969542,0.9900,0.09423822
coupled,0.0,3,60,1.418749,0.964381,0.9900,0.09423822
coupled,0.0,3,75,1.256970,0.960465,0.9900,0.09423822
coupled,0.0,3,90,1.277491,0.956797,0.9900,0.09423822
coupled,0.0,3,105,1.360607,0.955042,0.9900,0.09423822
coupled,0.0,3,120,1.257357,0.953118,0.9900,0.09423822
coupled,0.0,3,135,1.515209,0.953634,0.9900,0.09423822
coupled,0.0,3,150,1.362549,0.954244,0.9900,0.09423822
coupled,0.0,3,165,1.331525,0.954495,0.9900,0.09423822
coupled,0.0,3,180,1.497306,0.954361,0.9900,0.09423822
coupled,0.0,3,195,1.313529,0.955314,0.9900,0.09423822
coupled,0.0,3,210,1.148526,0.954971,0.9900,0.09423822
coupled,0.0,3,225,1.399903,0.955218,0.9900,0.09423822
coupled,0.0,3,240,1.124929,0.954556,0.9900,0.09423822
coupled,0.0,3,255,1.324485,0.955266,0.9900,0.09423822
coupled,0.0,3,270,1.384477,0.954768,0.9900,0.09423822
coupled,0.0,3,285,1.311677,0.955316,0.9900,0.09423822
coupled,0.0,3,300,1.121771,0.954941,0.9900,0.09423822
coupled,0.5,3,0,2.268074,0.877961,0.9000,0.04956285
coupled,0.5,3,15,1.062654,0.965886,0.9900,0.02842559
coupled,0.5,3,30,1.382011,0.972586,0.9900,0.02710472
coupled,0.5,3,45,0.922503,0.970483,0.9900,0.02708095
coupled,0.5,3,60,0.809712,0.965563,0.9900,0.02752922
coupled,0.5,3,75,0.750171,0.961784,0.9900,0.02778888
coupled,0.5,3,90,0.730717,0.958114,0.9900,0.02815166
coupled,0.5,3,105,0.833659,0.956279,0.9900,0.02821671
coupled,0.5,3,120,0.750516,0.954202,0.9900,0.02874165
coupled,0.5,3,135,0.924033,0.954641,0.9900,0.02873429
coupled,0.5,3,150,0.809505,0.955285,0.9900,0.02849254
coupled,0.5,3,165,0.802510,0.955645,0.9900,0.02822130
coupled,0.5,3,180,0.967238,0.955693,0.9900,0.02864096
coupled,0.5,3,195,0.778564,0.956760,0.9900,0.02828922
coupled,0.5,3,210,0.591047,0.956629,0.9900,0.02835313
coupled,0.5,3,225,0.884455,0.956858,0.9900,0.02836743
coupled,0.5,3,240,0.603703,0.956341,0.9900,0.02834088
coupled,0.5,3,255,0.810799,0.957106,0.9900,0.02807481
coupled,0.5,3,270,0.835614,0.956601,0.9900,0.02831260
coupled,0.5,3,285,0.766232,0.957121,0.9900,0.02807340
coupled,0.5,3,300,0.619400,0.956785,0.9900,0.02819927
coupled,1.0,3,0,1.799672,0.881695,0.9000,0.02292812
coupled,1.0,3,15,1.094800,0.966163,0.9900,0.00110047
coupled,1.0,3,30,1.475164,0.972631,0.9900,0.00059448
coupled,1.0,3,45,0.954923,0.970618,0.9900,0.00058420
coupled,1.0,3,60,0.846182,0.965866,0.9900,0.00075469
coupled,1.0,3,75,0.774245,0.962232,0.9900,0.00085518
coupled,1.0,3,90,0.744398,0.958625,0.9900,0.00099744
coupled,1.0,3,105,0.887269,0.956678,0.9900,0.00104699
coupled,1.0,3,120,0.777985,0.954429,0.9900,0.00128036
coupled,1.0,3,135,0.942469,0.954697,0.9900,0.00123803
coupled,1.0,3,150,0.838673,0.955218,0.9900,0.00118448
coupled,1.0,3,165,0.813897,0.955521,0.9900,0.00106101
coupled,1.0,3,180,0.982165,0.955639,0.9900,0.00121210
coupled,1.0,3,195,0.814082,0.956771,0.9900,0.00106505
coupled,1.0,3,210,0.595602,0.956804,0.9900,0.00112620
coupled,1.0,3,225,0.902534,0.957135,0.9900,0.00108293
coupled,1.0,3,240,0.612038,0.956760,0.9900,0.00110664
coupled,1.0,3,255,0.849217,0.957591,0.9900,0.00100021
coupled,1.0,3,270,0.863826,0.957154,0.9900,0.00107588
coupled,1.0,3,285,0.795068,0.957673,0.9900,0.00097334
coupled,1.0,3,300,0.676711,0.957400,0.9900,0.00103701
coupled,-1.0,3,0,2.603168,0.874792,0.9000,0.07307971
coupled,-1.0,3,15,1.208666,0.965807,0.9900,0.04911622
coupled,-1.0,3,30,1.501292,0.972251,0.9900,0.04902764
coupled,-1.0,3,45,1.049979,0.970131,0.9900,0.04783258
coupled,-1.0,3,60,0.927043,0.965201,0.9900,0.04724169
coupled,-1.0,3,75,0.818276,0.961444,0.9900,0.04695225
coupled,-1.0,3,90,0.808588,0.957819,0.9900,0.04668472
coupled,-1.0,3,105,0.913504,0.955828,0.9900,0.04666671
coupled,-1.0,3,120,0.836883,0.953592,0.9900,0.04692528
coupled,-1.0,3,135,1.030012,0.953889,0.9900,0.04676778
coupled,-1.0,3,150,0.911134,0.954470,0.9900,0.04680889
coupled,-1.0,3,165,0.888379,0.954826,0.9900,0.04660926
coupled,-1.0,3,180,1.062414,0.954851,0.9900,0.04689591
coupled,-1.0,3,195,0.883394,0.956061,0.9900,0.04680720
coupled,-1.0,3,210,0.685061,0.955953,0.9900,0.04679495
coupled,-1.0,3,225,0.976866,0.956314,0.9900,0.04665741
coupled,-1.0,3,240,0.696509,0.955849,0.9900,0.04668353
coupled,-1.0,3,255,0.890726,0.956685,0.9900,0.04649568
coupled,-1.0,3,270,0.932238,0.956226,0.9900,0.04670882
coupled,-1.0,3,285,0.862733,0.956811,0.9900,0.04658909
coupled,-1.0,3,300,0.693608,0.956464,0.9900,0.04674233
coupled,0.0,4,0,3.315445,0.883519,0.9919,0.08407956
coupled,0.0,4,15,1.982902,0.984008,0.9900,0.08407956
coupled,0.0,4,30,1.613718,0.981303,0.9900,0.08407956
coupled,0.0,4,45,1.746738,0.979047,0.9900,0.08407956
coupled,0.0,4,60,1.569125,0.977269,0.9900,0.08407956
coupled,0.0,4,75,1.671927,0.976838,0.9900,0.08407956
coupled,0.0,4,90,1.493713,0.977344,0.9900,0.08407956
coupled,0.0,4,105,1.439795,0.977127,0.9900,0.08407956
coupled,0.0,4,120,1.637914,0.977180,0.9900,0.08407956
coupled,0.0,4,135,1.332829,0.977404,0.9900,0.08407956
coupled,0.0,4,150,1.452792,0.977416,0.9900,0.08407956
coupled,0.0,4,165,1.391089,0.977454,0.9900,0.08407956
coupled,0.0,4,180,1.346121,0.977695,0.9900,0.08407956
coupled,0.0,4,195,1.359978,0.977736,0.9900,0.08407956
coupled,0.0,4,210,1.653759,0.977327,0.9900,0.08407956
coupled,0.0,4,225,1.386541,0.977226,0.9900,0.08407956
coupled,0.0,4,240,1.376365,0.977392,0.9900,0.08407956
coupled,0.0,4,255,1.582554,0.977146,0.9900,0.08407956
coupled,0.0,4,270,1.371778,0.977828,0.9900,0.08407956
coupled,0.0,4,285,1.512877,0.977596,0.9900,0.08407956
coupled,0.0,4,300,1.431451,0.977532,0.9900,0.08407956
coupled,0.5,4,0,1.869450,0.903156,0.9919,0.02722025
coupled,0.5,4,15,0.763242,0.987904,0.9900,0.02111367
coupled,0.5,4,30,0.532142,0.984971,0.9900,0.02116931
coupled,0.5,4,45,0.692715,0.982798,0.9900,0.02124353
coupled,0.5,4,60,0.496378,0.981379,0.9900,0.02122630
coupled,0.5,4,75,0.589399,0.980796,0.9900,0.02121286
coupled,0.5,4,90,0.387140,0.981115,0.9900,0.02123079
coupled,0.5,4,105,0.375054,0.981015,0.9900,0.02124211
coupled,0.5,4,120,0.520068,0.981088,0.9900,0.02128494
coupled,0.5,4,135,0.217634,0.981154,0.9900,0.02119913
coupled,0.5,4,150,0.357216,0.981099,0.9900,0.02124903
coupled,0.5,4,165,0.277394,0.981276,0.9900,0.02127162
coupled,0.5,4,180,0.187649,0.981285,0.9900,0.02121239
coupled,0.5,4,195,0.240721,0.981406,0.9900,0.02122008
coupled,0.5,4,210,0.515813,0.981123,0.9900,0.02122063
coupled,0.5,4,225,0.264426,0.981106,0.9900,0.02124438
coupled,0.5,4,240,0.286691,0.981095,0.9900,0.02127411
coupled,0.5,4,255,0.439940,0.981026,0.9900,0.02126836
coupled,0.5,4,270,0.230084,0.981439,0.9900,0.02122435
coupled,0.5,4,285,0.403622,0.981269,0.9900,0.02126786
coupled,0.5,4,300,0.303118,0.981223,0.9900,0.02123801
coupled,1.0,4,0,1.052034,0.918631,0.9919,0.00174449
coupled,1.0,4,15,0.628772,0.988866,0.9900,0.00001163
coupled,1.0,4,30,0.439615,0.986085,0.9900,0.00001774
coupled,1.0,4,45,0.617074,0.983971,0.9900,0.00002372
coupled,1.0,4,60,0.410150,0.982696,0.9900,0.00002876
coupled,1.0,4,75,0.496637,0.982067,0.9900,0.00002923
coupled,1.0,4,90,0.268306,0.982296,0.9900,0.00002835
coupled,1.0,4,105,0.267399,0.982234,0.9900,0.00003034
coupled,1.0,4,120,0.403189,0.982303,0.9900,0.00002675
coupled,1.0,4,135,0.105599,0.982314,0.9900,0.00002795
coupled,1.0,4,150,0.240869,0.982241,0.9900,0.00002849
coupled,1.0,4,165,0.162168,0.982452,0.9900,0.00002998
coupled,1.0,4,180,0.103961,0.982367,0.9900,0.00002725
coupled,1.0,4,195,0.130965,0.982517,0.9900,0.00002628
coupled,1.0,4,210,0.398088,0.982279,0.9900,0.00002907
coupled,1.0,4,225,0.130916,0.982280,0.9900,0.00002660
coupled,1.0,4,240,0.194083,0.982204,0.9900,0.00002949
coupled,1.0,4,255,0.248525,0.982188,0.9900,0.00003234
coupled,1.0,4,270,0.122729,0.982501,0.9900,0.00002747
coupled,1.0,4,285,0.275731,0.982349,0.9900,0.00002866
coupled,1.0,4,300,0.176039,0.982299,0.9900,0.00002981
coupled,-1.0,4,0,2.476230,0.891843,0.9919,0.05436873
coupled,-1.0,4,15,1.015010,0.986729,0.9900,0.03680397
coupled,-1.0,4,30,0.770631,0.983998,0.9900,0.03640753
coupled,-1.0,4,45,0.924584,0.981778,0.9900,0.03608363
coupled,-1.0,4,60,0.730596,0.980222,0.9900,0.03625708
coupled,-1.0,4,75,0.829615,0.979787,0.9900,0.03561478
coupled,-1.0,4,90,0.653200,0.980055,0.9900,0.03565297
coupled,-1.0,4,105,0.639612,0.979889,0.9900,0.03559759
coupled,-1.0,4,120,0.783268,0.979976,0.9900,0.03534428
coupled,-1.0,4,135,0.464203,0.980128,0.9900,0.03530295
coupled,-1.0,4,150,0.608658,0.980103,0.9900,0.03521227
coupled,-1.0,4,165,0.517917,0.980244,0.9900,0.03517493
coupled,-1.0,4,180,0.444607,0.980342,0.9900,0.03480593
coupled,-1.0,4,195,0.491846,0.980400,0.9900,0.03481371
coupled,-1.0,4,210,0.770848,0.980110,0.9900,0.03497468
coupled,-1.0,4,225,0.489513,0.980063,0.9900,0.03494774
coupled,-1.0,4,240,0.497125,0.980081,0.9900,0.03511998
coupled,-1.0,4,255,0.670906,0.979911,0.9900,0.03530686
coupled,-1.0,4,270,0.448278,0.980432,0.9900,0.03496426
coupled,-1.0,4,285,0.623410,0.980235,0.9900,0.03508697
coupled,-1.0,4,300,0.538556,0.980152,0.9900,0.03481293
coupled,0.0,5,0,4.510202,0.882815,1.0424,0.10356622
coupled,0.0,5,15,3.095262,0.943597,0.9900,0.10356622
coupled,0.0,5,30,2.709028,0.931679,0.9900,0.10356622
coupled,0.0,5,45,2.822289,0.930491,0.9900,0.10356622
coupled,0.0,5,60,2.836903,0.930551,0.9900,0.10356622
coupled,0.0,5,75,2.767678,0.930802,0.9900,0.10356622
coupled,0.0,5,90,2.680415,0.930184,0.9900,0.10356622
coupled,0.0,5,105,2.591045,0.930816,0.9900,0.10356622
coupled,0.0,5,120,2.805587,0.930759,0.9900,0.10356622
coupled,0.0,5,135,2.643516,0.931081,0.9900,0.10356622
coupled,0.0,5,150,2.576763,0.930541,0.9900,0.10356622
coupled,0.0,5,165,2.470854,0.930052,0.9900,0.10356622
coupled,0.0,5,180,2.557558,0.930176,0.9900,0.10356622
coupled,0.0,5,195,2.506141,0.931005,0.9900,0.10356622
coupled,0.0,5,210,2.496820,0.929915,0.9900,0.10356622
coupled,0.0,5,225,2.725245,0.930281,0.9900,0.10356622
coupled,0.0,5,240,2.656804,0.930134,0.9900,0.10356622
coupled,0.0,5,255,2.618535,0.930377,0.9900,0.10356622
coupled,0.0,5,270,2.678458,0.931293,0.9900,0.10356622
coupled,0.0,5,285,2.692208,0.931195,0.9900,0.10356622
coupled,0.0,5,300,2.767000,0.929553,0.9900,0.10356622
coupled,0.5,5,0,3.144641,0.900963,1.0424,0.03530169
coupled,0.5,5,15,1.834525,0.949044,0.9900,0.02854525
coupled,0.5,5,30,1.621648,0.935571,0.9900,0.02906966
coupled,0.5,5,45,1.778341,0.934228,0.9900,0.02949399
coupled,0.5,5,60,1.811031,0.934551,0.9900,0.02928858
coupled,0.5,5,75,1.769459,0.935084,0.9900,0.02947944
coupled,0.5,5,90,1.731283,0.934705,0.9900,0.02945588
coupled,0.5,5,105,1.670436,0.935288,0.9900,0.02943071
coupled,0.5,5,120,1.816013,0.935247,0.9900,0.02941259
coupled,0.5,5,135,1.665503,0.935514,0.9900,0.02915920
coupled,0.5,5,150,1.658011,0.935178,0.9900,0.02917425
coupled,0.5,5,165,1.509895,0.934670,0.9900,0.02931263
coupled,0.5,5,180,1.638435,0.934737,0.9900,0.02956655
coupled,0.5,5,195,1.531263,0.935518,0.9900,0.02919631
coupled,0.5,5,210,1.516817,0.934555,0.9900,0.02945676
coupled,0.5,5,225,1.732360,0.934852,0.9900,0.02945916
coupled,0.5,5,240,1.721196,0.934800,0.9900,0.02940126
coupled,0.5,5,255,1.664880,0.935063,0.9900,0.02961826
coupled,0.5,5,270,1.721332,0.935814,0.9900,0.02944997
coupled,0.5,5,285,1.704957,0.935822,0.9900,0.02946485
coupled,0.5,5,300,1.777935,0.934270,0.9900,0.02955348
coupled,1.0,5,0,2.126208,0.914033,1.0424,0.00366171
coupled,1.0,5,15,1.474127,0.950797,0.9900,0.00038214
coupled,1.0,5,30,1.450695,0.936042,0.9900,0.00055317
coupled,1.0,5,45,1.611706,0.934265,0.9900,0.00068379
coupled,1.0,5,60,1.622060,0.934597,0.9900,0.00063935
coupled,1.0,5,75,1.626812,0.935600,0.9900,0.00066915
coupled,1.0,5,90,1.588676,0.935714,0.9900,0.00066560
coupled,1.0,5,105,1.571879,0.936526,0.9900,0.00065052
coupled,1.0,5,120,1.688786,0.936621,0.9900,0.00063696
coupled,1.0,5,135,1.556664,0.936908,0.9900,0.00057976
coupled,1.0,5,150,1.531548,0.936713,0.9900,0.00059193
coupled,1.0,5,165,1.381599,0.936209,0.9900,0.00062077
coupled,1.0,5,180,1.584007,0.936255,0.9900,0.00068713
coupled,1.0,5,195,1.410021,0.937007,0.9900,0.00058421
coupled,1.0,5,210,1.359314,0.936118,0.9900,0.00065879
coupled,1.0,5,225,1.614016,0.936368,0.9900,0.00066511
coupled,1.0,5,240,1.580847,0.936379,0.9900,0.00062884
coupled,1.0,5,255,1.539846,0.936685,0.9900,0.00070561
coupled,1.0,5,270,1.579909,0.937336,0.9900,0.00065561
coupled,1.0,5,285,1.566387,0.937396,0.9900,0.00064250
coupled,1.0,5,300,1.643848,0.935877,0.9900,0.00069224
coupled,-1.0,5,0,3.929445,0.888556,1.0424,0.07684981
coupled,-1.0,5,15,2.271177,0.945468,0.9900,0.05772166
coupled,-1.0,5,30,1.966694,0.931735,0.9900,0.05615071
coupled,-1.0,5,45,2.113539,0.929866,0.9900,0.05772084
coupled,-1.0,5,60,2.091873,0.930316,0.9900,0.05670883
coupled,-1.0,5,75,2.055562,0.931391,0.9900,0.05655237
coupled,-1.0,5,90,2.016425,0.931378,0.9900,0.05644300
coupled,-1.0,5,105,1.930970,0.932247,0.9900,0.05615567
coupled,-1.0,5,120,2.105123,0.932331,0.9900,0.05634951
coupled,-1.0,5,135,1.937802,0.932653,0.9900,0.05631710
coupled,-1.0,5,150,1.923531,0.932228,0.9900,0.05654475
coupled,-1.0,5,165,1.787682,0.931737,0.9900,0.05673374
coupled,-1.0,5,180,1.903624,0.931828,0.9900,0.05653611
coupled,-1.0,5,195,1.831438,0.932642,0.9900,0.05647703
coupled,-1.0,5,210,1.809665,0.931617,0.9900,0.05652576
coupled,-1.0,5,225,2.033457,0.931944,0.9900,0.05667371
coupled,-1.0,5,240,1.998369,0.931872,0.9900,0.05639905
coupled,-1.0,5,255,1.959633,0.932136,0.9900,0.05686902
coupled,-1.0,5,270,1.990825,0.932919,0.9900,0.05661888
coupled,-1.0,5,285,1.991926,0.932926,0.9900,0.05656790
coupled,-1.0,5,300,2.077750,0.931285,0.9900,0.05693414
coupled,0.0,6,0,2.332997,0.907377,0.8488,0.09106489
coupled,0.0,6,15,0.688467,0.972052,0.9900,0.09106489
coupled,0.0,6,30,0.290244,0.970371,0.9900,0.09106489
coupled,0.0,6,45,0.391154,0.969250,0.9900,0.09106489
coupled,0.0,6,60,0.460537,0.968831,0.9900,0.09106489
coupled,0.0,6,75,0.376651,0.968989,0.9900,0.09106489
coupled,0.0,6,90,0.388999,0.969194,0.9900,0.09106489
coupled,0.0,6,105,0.353552,0.969290,0.9900,0.09106489
coupled,0.0,6,120,0.303446,0.968783,0.9900,0.09106489
coupled,0.0,6,135,0.318725,0.969367,0.9900,0.09106489
coupled,0.0,6,150,0.392471,0.968928,0.9900,0.09106489
coupled,0.0,6,165,0.524679,0.969096,0.9900,0.09106489
coupled,0.0,6,180,0.356211,0.968522,0.9900,0.09106489
coupled,0.0,6,195,0.520302,0.968778,0.9900,0.09106489
coupled,0.0,6,210,0.374826,0.968616,0.9900,0.09106489
coupled,0.0,6,225,0.374310,0.968767,0.9900,0.09106489
coupled,0.0,6,240,0.213134,0.969140,0.9900,0.09106489
coupled,0.0,6,255,0.390706,0.968968,0.9900,0.09106489
coupled,0.0,6,270,0.515883,0.969067,0.9900,0.09106489
coupled,0.0,6,285,0.337675,0.969044,0.9900,0.09106489
coupled,0.0,6,300,0.389295,0.968729,0.9900,0.09106489
coupled,0.5,6,0,1.293493,0.918519,0.8488,0.03153498
coupled,0.5,6,15,0.239500,0.973531,0.9900,0.02352338
coupled,0.5,6,30,0.048188,0.971922,0.9900,0.02359882
coupled,0.5,6,45,0.182928,0.970866,0.9900,0.02367283
coupled,0.5,6,60,0.179679,0.970479,0.9900,0.02368044
coupled,0.5,6,75,0.121310,0.970610,0.9900,0.02362107
coupled,0.5,6,90,0.153283,0.970780,0.9900,0.02363600
coupled,0.5,6,105,0.121869,0.970887,0.9900,0.02366791
coupled,0.5,6,120,0.066554,0.970428,0.9900,0.02372588
coupled,0.5,6,135,0.085160,0.970948,0.9900,0.02366948
coupled,0.5,6,150,0.136446,0.970548,0.9900,0.02372684
coupled,0.5,6,165,0.277353,0.970751,0.9900,0.02367794
coupled,0.5,6,180,0.088878,0.970271,0.9900,0.02379570
coupled,0.5,6,195,0.300161,0.970470,0.9900,0.02367359
coupled,0.5,6,210,0.135838,0.970296,0.9900,0.02368299
coupled,0.5,6,225,0.143228,0.970454,0.9900,0.02373429
coupled,0.5,6,240,0.000000,0.970738,0.9900,0.02369066
coupled,0.5,6,255,0.182409,0.970606,0.9900,0.02366305
coupled,0.5,6,270,0.276217,0.970624,0.9900,0.02363530
coupled,0.5,6,285,0.124996,0.970649,0.9900,0.02368748
coupled,0.5,6,300,0.109830,0.970391,0.9900,0.02367960
coupled,1.0,6,0,0.934850,0.924292,0.8488,0.00303952
coupled,1.0,6,15,0.289306,0.974086,0.9900,0.00005643
coupled,1.0,6,30,0.107165,0.972541,0.9900,0.00006812
coupled,1.0,6,45,0.237245,0.971514,0.9900,0.00007248
coupled,1.0,6,60,0.225446,0.971139,0.9900,0.00007614
coupled,1.0,6,75,0.181747,0.971265,0.9900,0.00007053
coupled,1.0,6,90,0.211125,0.971417,0.9900,0.00006765
coupled,1.0,6,105,0.176276,0.971529,0.9900,0.00007443
coupled,1.0,6,120,0.133440,0.971091,0.9900,0.00007980
coupled,1.0,6,135,0.129176,0.971587,0.9900,0.00007275
coupled,1.0,6,150,0.163981,0.971203,0.9900,0.00007900
coupled,1.0,6,165,0.318745,0.971419,0.9900,0.00007344
coupled,1.0,6,180,0.116112,0.970975,0.9900,0.00008780
coupled,1.0,6,195,0.365249,0.971151,0.9900,0.00007274
coupled,1.0,6,210,0.172700,0.970972,0.9900,0.00007622
coupled,1.0,6,225,0.188149,0.971138,0.9900,0.00007833
coupled,1.0,6,240,0.053040,0.971380,0.9900,0.00007361
coupled,1.0,6,255,0.225920,0.971266,0.9900,0.00006991
coupled,1.0,6,270,0.340518,0.971250,0.9900,0.00006941
coupled,1.0,6,285,0.209397,0.971294,0.9900,0.00007475
coupled,1.0,6,300,0.135690,0.971061,0.9900,0.00007602
coupled,-1.0,6,0,1.551548,0.914536,0.8488,0.05023529
coupled,-1.0,6,15,0.294143,0.973095,0.9900,0.03915732
coupled,-1.0,6,30,0.068766,0.971549,0.9900,0.03884502
coupled,-1.0,6,45,0.206261,0.970479,0.9900,0.03873603
coupled,-1.0,6,60,0.203919,0.970088,0.9900,0.03867436
coupled,-1.0,6,75,0.143371,0.970225,0.9900,0.03855417
coupled,-1.0,6,90,0.149630,0.970403,0.9900,0.03865387
coupled,-1.0,6,105,0.137186,0.970520,0.9900,0.03867097
coupled,-1.0,6,120,0.077116,0.970044,0.9900,0.03876427
coupled,-1.0,6,135,0.103079,0.970576,0.9900,0.03875818
coupled,-1.0,6,150,0.159118,0.970164,0.9900,0.03883222
coupled,-1.0,6,165,0.298922,0.970348,0.9900,0.03873107
coupled,-1.0,6,180,0.105192,0.969873,0.9900,0.03883833
coupled,-1.0,6,195,0.312695,0.970069,0.9900,0.03871826
coupled,-1.0,6,210,0.156413,0.969899,0.9900,0.03863903
coupled,-1.0,6,225,0.159156,0.970072,0.9900,0.03869723
coupled,-1.0,6,240,0.002518,0.970364,0.9900,0.03853125
coupled,-1.0,6,255,0.188409,0.970222,0.9900,0.03861296
coupled,-1.0,6,270,0.293673,0.970263,0.9900,0.03848444
coupled,-1.0,6,285,0.130765,0.970280,0.9900,0.03860819
coupled,-1.0,6,300,0.142981,0.969986,0.9900,0.03880827
coupled,0.0,7,0,3.270885,0.869310,0.9000,0.09106489
coupled,0.0,7,15,1.303914,0.990800,0.9900,0.09106489
coupled,0.0,7,30,1.029958,0.986536,0.9900,0.09106489
coupled,0.0,7,45,0.773771,0.981063,0.9900,0.09106489
coupled,0.0,7,60,0.896908,0.977223,0.9900,0.09106489
coupled,0.0,7,75,0.870853,0.976311,0.9900,0.09106489
coupled,0.0,7,90,0.878897,0.975164,0.9900,0.09106489
coupled,0.0,7,105,0.875260,0.975122,0.9900,0.09106489
coupled,0.0,7,120,0.994990,0.973996,0.9900,0.09106489
coupled,0.0,7,135,0.923471,0.972789,0.9900,0.09106489
coupled,0.0,7,150,1.001747,0.972253,0.9900,0.09106489
coupled,0.0,7,165,0.847814,0.972557,0.9900,0.09106489
coupled,0.0,7,180,0.933369,0.972072,0.9900,0.09106489
coupled,0.0,7,195,0.742878,0.971874,0.9900,0.09106489
coupled,0.0,7,210,1.006910,0.971931,0.9900,0.09106489
coupled,0.0,7,225,0.800016,0.971516,0.9900,0.09106489
coupled,0.0,7,240,0.938112,0.972050,0.9900,0.09106489
coupled,0.0,7,255,1.029159,0.971263,0.9900,0.09106489
coupled,0.0,7,270,0.853053,0.971197,0.9900,0.09106489
coupled,0.0,7,285,0.826499,0.972023,0.9900,0.09106489
coupled,0.0,7,300,0.864005,0.972030,0.9900,0.09106489
coupled,0.5,7,0,2.384709,0.883259,0.9000,0.03728260
coupled,0.5,7,15,0.426055,0.992830,0.9900,0.02306116
coupled,0.5,7,30,0.326323,0.989165,0.9900,0.02311723
coupled,0.5,7,45,0.183593,0.984104,0.9900,0.02324853
coupled,0.5,7,60,0.289806,0.980878,0.9900,0.02339402
coupled,0.5,7,75,0.264243,0.980006,0.9900,0.02347346
coupled,0.5,7,90,0.269382,0.978837,0.9900,0.02341871
coupled,0.5,7,105,0.263606,0.978601,0.9900,0.02343357
coupled,0.5,7,120,0.358419,0.977648,0.9900,0.02352087
coupled,0.5,7,135,0.315880,0.976748,0.9900,0.02349797
coupled,0.5,7,150,0.427927,0.976161,0.9900,0.02351130
coupled,0.5,7,165,0.288924,0.976335,0.9900,0.02355556
coupled,0.5,7,180,0.301183,0.976153,0.9900,0.02355041
coupled,0.5,7,195,0.200865,0.975998,0.9900,0.02353606
coupled,0.5,7,210,0.456713,0.975879,0.9900,0.02359913
coupled,0.5,7,225,0.215120,0.975671,0.9900,0.02359858
coupled,0.5,7,240,0.400951,0.976047,0.9900,0.02356875
coupled,0.5,7,255,0.458520,0.975414,0.9900,0.02361385
coupled,0.5,7,270,0.228988,0.975328,0.9900,0.02359931
coupled,0.5,7,285,0.271173,0.975920,0.9900,0.02355059
coupled,0.5,7,300,0.320910,0.975936,0.9900,0.02352000
coupled,1.0,7,0,1.887610,0.893228,0.9000,0.00832151
coupled,1.0,7,15,0.376768,0.993378,0.9900,0.00000822
coupled,1.0,7,30,0.330505,0.989966,0.9900,0.00001494
coupled,1.0,7,45,0.208161,0.985035,0.9900,0.00002946
coupled,1.0,7,60,0.348309,0.981991,0.9900,0.00004558
coupled,1.0,7,75,0.316959,0.981109,0.9900,0.00005273
coupled,1.0,7,90,0.311913,0.979891,0.9900,0.00005580
coupled,1.0,7,105,0.333674,0.979557,0.9900,0.00005749
coupled,1.0,7,120,0.400559,0.978650,0.9900,0.00007001
coupled,1.0,7,135,0.371960,0.977860,0.9900,0.00006712
coupled,1.0,7,150,0.463140,0.977274,0.9900,0.00007638
coupled,1.0,7,165,0.301033,0.977413,0.9900,0.00007562
coupled,1.0,7,180,0.326645,0.977344,0.9900,0.00007738
coupled,1.0,7,195,0.240221,0.977176,0.9900,0.00007522
coupled,1.0,7,210,0.494702,0.977003,0.9900,0.00007731
coupled,1.0,7,225,0.241256,0.976858,0.9900,0.00008128
coupled,1.0,7,240,0.464538,0.977163,0.9900,0.00007113
coupled,1.0,7,255,0.513581,0.976583,0.9900,0.00008297
coupled,1.0,7,270,0.279280,0.976473,0.9900,0.00008608
coupled,1.0,7,285,0.331366,0.976989,0.9900,0.00007763
coupled,1.0,7,300,0.381902,0.976996,0.9900,0.00007467
coupled,-1.0,7,0,2.810178,0.874637,0.9000,0.06623093
coupled,-1.0,7,15,0.613422,0.992192,0.9900,0.04305863
coupled,-1.0,7,30,0.466252,0.988452,0.9900,0.04228526
coupled,-1.0,7,45,0.286689,0.983241,0.9900,0.04208856
coupled,-1.0,7,60,0.376822,0.979809,0.9900,0.04207612
coupled,-1.0,7,75,0.359509,0.978888,0.9900,0.04201220
coupled,-1.0,7,90,0.366212,0.977670,0.9900,0.04193095
coupled,-1.0,7,105,0.362975,0.977433,0.9900,0.04209555
coupled,-1.0,7,120,0.450292,0.976314,0.9900,0.04213580
coupled,-1.0,7,135,0.399802,0.975369,0.9900,0.04199693
coupled,-1.0,7,150,0.510594,0.974867,0.9900,0.04187976
coupled,-1.0,7,165,0.368002,0.975117,0.9900,0.04189995
coupled,-1.0,7,180,0.386670,0.974828,0.9900,0.04167078
coupled,-1.0,7,195,0.280046,0.974631,0.9900,0.04189915
coupled,-1.0,7,210,0.537661,0.974588,0.9900,0.04183631
coupled,-1.0,7,225,0.313127,0.974227,0.9900,0.04182485
coupled,-1.0,7,240,0.462793,0.974703,0.9900,0.04183949
coupled,-1.0,7,255,0.545693,0.974040,0.9900,0.04161807
coupled,-1.0,7,270,0.339306,0.973939,0.9900,0.04195995
coupled,-1.0,7,285,0.353779,0.974612,0.9900,0.04180840
coupled,-1.0,7,300,0.402427,0.974589,0.9900,0.04173402
coupled,0.0,8,0,2.095317,0.878888,1.0674,0.08732222
coupled,0.0,8,15,2.439042,0.981031,0.9900,0.08732222
coupled,0.0,8,30,2.274158,0.987836,0.9900,0.08732222
coupled,0.0,8,45,2.230912,0.987299,0.9900,0.08732222
coupled,0.0,8,60,2.307451,0.987377,0.9900,0.08732222
coupled,0.0,8,75,2.361527,0.986326,0.9900,0.08732222
coupled,0.0,8,90,2.242191,0.985980,0.9900,0.08732222
coupled,0.0,8,105,2.391276,0.985141,0.9900,0.08732222
coupled,0.0,8,120,2.401145,0.985237,0.9900,0.08732222
coupled,0.0,8,135,2.560179,0.984559,0.9900,0.08732222
coupled,0.0,8,150,2.472075,0.983973,0.9900,0.08732222
coupled,0.0,8,165,2.272908,0.984070,0.9900,0.08732222
coupled,0.0,8,180,2.285962,0.983505,0.9900,0.08732222
coupled,0.0,8,195,2.411756,0.982819,0.9900,0.08732222
coupled,0.0,8,210,2.249122,0.982409,0.9900,0.08732222
coupled,0.0,8,225,2.236304,0.981929,0.9900,0.08732222
coupled,0.0,8,240,2.226625,0.982232,0.9900,0.08732222
coupled,0.0,8,255,2.108882,0.982249,0.9900,0.08732222
coupled,0.0,8,270,2.409284,0.981742,0.9900,0.08732222
coupled,0.0,8,285,2.243627,0.982113,0.9900,0.08732222
coupled,0.0,8,300,2.177191,0.982431,0.9900,0.08732222
coupled,0.5,8,0,1.301092,0.894541,1.0674,0.03473080
coupled,0.5,8,15,1.453137,0.985976,0.9900,0.02316115
coupled,0.5,8,30,1.265626,0.991109,0.9900,0.02251890
coupled,0.5,8,45,1.126875,0.990915,0.9900,0.02251482
coupled,0.5,8,60,1.153475,0.990989,0.9900,0.02244839
coupled,0.5,8,75,1.176100,0.990364,0.9900,0.02249225
coupled,0.5,8,90,1.080332,0.989992,0.9900,0.02247862
coupled,0.5,8,105,1.218190,0.989446,0.9900,0.02259222
coupled,0.5,8,120,1.228578,0.989349,0.9900,0.02253738
coupled,0.5,8,135,1.370212,0.988835,0.9900,0.02260176
coupled,0.5,8,150,1.287127,0.988430,0.9900,0.02261051
coupled,0.5,8,165,1.111734,0.988341,0.9900,0.02260111
coupled,0.5,8,180,1.123702,0.987868,0.9900,0.02263109
coupled,0.5,8,195,1.275424,0.987448,0.9900,0.02263906
coupled,0.5,8,210,1.086955,0.987101,0.9900,0.02271364
coupled,0.5,8,225,1.059823,0.986759,0.9900,0.02273239
coupled,0.5,8,240,1.089552,0.986838,0.9900,0.02271383
coupled,0.5,8,255,0.968381,0.986996,0.9900,0.02268624
coupled,0.5,8,270,1.269341,0.986605,0.9900,0.02272478
coupled,0.5,8,285,1.101207,0.986863,0.9900,0.02271009
coupled,0.5,8,300,1.039081,0.987017,0.9900,0.02262384
coupled,1.0,8,0,1.020985,0.906828,1.0674,0.00655911
coupled,1.0,8,15,1.305149,0.987423,0.9900,0.00008086
coupled,1.0,8,30,1.169185,0.991985,0.9900,0.00002480
coupled,1.0,8,45,0.957513,0.991866,0.9900,0.00002425
coupled,1.0,8,60,0.952894,0.991933,0.9900,0.00002072
coupled,1.0,8,75,1.007336,0.991423,0.9900,0.00002400
coupled,1.0,8,90,0.889902,0.991040,0.9900,0.00002311
coupled,1.0,8,105,1.014563,0.990575,0.9900,0.00002924
coupled,1.0,8,120,1.099707,0.990415,0.9900,0.00002792
coupled,1.0,8,135,1.190745,0.989935,0.9900,0.00003372
coupled,1.0,8,150,1.080852,0.989584,0.9900,0.00003302
coupled,1.0,8,165,0.958578,0.989423,0.9900,0.00003434
coupled,1.0,8,180,1.012481,0.988988,0.9900,0.00003615
coupled,1.0,8,195,1.163180,0.988652,0.9900,0.00003709
coupled,1.0,8,210,0.934814,0.988341,0.9900,0.00004411
coupled,1.0,8,225,0.901774,0.988047,0.9900,0.00004532
coupled,1.0,8,240,0.957619,0.988079,0.9900,0.00004308
coupled,1.0,8,255,0.785133,0.988285,0.9900,0.00004011
coupled,1.0,8,270,1.164291,0.987938,0.9900,0.00004515
coupled,1.0,8,285,0.981500,0.988161,0.9900,0.00004330
coupled,1.0,8,300,0.945869,0.988258,0.9900,0.00003639
coupled,-1.0,8,0,1.568855,0.886281,1.0674,0.05965244
coupled,-1.0,8,15,1.718233,0.984220,0.9900,0.04523687
coupled,-1.0,8,30,1.518730,0.989963,0.9900,0.04444136
coupled,-1.0,8,45,1.422075,0.989699,0.9900,0.04410985
coupled,-1.0,8,60,1.473047,0.989734,0.9900,0.04377283
coupled,-1.0,8,75,1.512065,0.989090,0.9900,0.04360176
coupled,-1.0,8,90,1.376443,0.988710,0.9900,0.04358944
coupled,-1.0,8,105,1.530075,0.988000,0.9900,0.04357158
coupled,-1.0,8,120,1.563647,0.987984,0.9900,0.04373948
coupled,-1.0,8,135,1.704100,0.987387,0.9900,0.04366020
coupled,-1.0,8,150,1.610211,0.986931,0.9900,0.04362850
coupled,-1.0,8,165,1.438498,0.986828,0.9900,0.04367498
coupled,-1.0,8,180,1.414568,0.986276,0.9900,0.04365206
coupled,-1.0,8,195,1.581636,0.985710,0.9900,0.04381063
coupled,-1.0,8,210,1.396789,0.985484,0.9900,0.04371822
coupled,-1.0,8,225,1.384363,0.985125,0.9900,0.04364496
coupled,-1.0,8,240,1.378793,0.985276,0.9900,0.04366355
coupled,-1.0,8,255,1.259923,0.985336,0.9900,0.04356545
coupled,-1.0,8,270,1.574389,0.985111,0.9900,0.04367317
coupled,-1.0,8,285,1.405476,0.985314,0.9900,0.04361340
coupled,-1.0,8,300,1.329876,0.985495,0.9900,0.04349540
coupled,0.0,9,0,3.299922,0.872206,1.1745,0.08732222
coupled,0.0,9,15,2.185646,0.982686,0.9900,0.08732222
coupled,0.0,9,30,2.117524,0.984591,0.9900,0.08732222
coupled,0.0,9,45,2.219756,0.984483,0.9900,0.08732222
coupled,0.0,9,60,2.098694,0.984998,0.9900,0.08732222
coupled,0.0,9,75,2.015137,0.984926,0.9900,0.08732222
coupled,0.0,9,90,1.944240,0.984561,0.9900,0.08732222
coupled,0.0,9,105,2.163540,0.984037,0.9900,0.08732222
coupled,0.0,9,120,2.051206,0.983705,0.9900,0.08732222
coupled,0.0,9,135,2.036794,0.983184,0.9900,0.08732222
coupled,0.0,9,150,1.899025,0.983181,0.9900,0.08732222
coupled,0.0,9,165,2.053198,0.982298,0.9900,0.08732222
coupled,0.0,9,180,2.020473,0.982317,0.9900,0.08732222
coupled,0.0,9,195,1.946080,0.981411,0.9900,0.08732222
coupled,0.0,9,210,2.063836,0.981413,0.9900,0.08732222
coupled,0.0,9,225,2.118102,0.981250,0.9900,0.08732222
coupled,0.0,9,240,1.931307,0.981026,0.9900,0.08732222
coupled,0.0,9,255,2.115785,0.980797,0.9900,0.08732222
coupled,0.0,9,270,1.904968,0.981382,0.9900,0.08732222
coupled,0.0,9,285,2.036321,0.980947,0.9900,0.08732222
coupled,0.0,9,300,1.983414,0.980842,0.9900,0.08732222
coupled,0.5,9,0,2.613323,0.880150,1.1745,0.04405577
coupled,0.5,9,15,1.458386,0.985623,0.9900,0.02324978
coupled,0.5,9,30,1.288995,0.987839,0.9900,0.02290436
coupled,0.5,9,45,1.319722,0.987918,0.9900,0.02285857
coupled,0.5,9,60,1.225092,0.988296,0.9900,0.02282780
coupled,0.5,9,75,1.133826,0.988256,0.9900,0.02281983
coupled,0.5,9,90,1.042311,0.987992,0.9900,0.02284662
coupled,0.5,9,105,1.233529,0.987580,0.9900,0.02288054
coupled,0.5,9,120,1.172745,0.987273,0.9900,0.02283840
coupled,0.5,9,135,1.164024,0.986874,0.9900,0.02288498
coupled,0.5,9,150,1.023006,0.986788,0.9900,0.02284891
coupled,0.5,9,165,1.200001,0.986042,0.9900,0.02294979
coupled,0.5,9,180,1.126268,0.986102,0.9900,0.02286412
coupled,0.5,9,195,1.073805,0.985506,0.9900,0.02299022
coupled,0.5,9,210,1.186412,0.985462,0.9900,0.02297400
coupled,0.5,9,225,1.277635,0.985242,0.9900,0.02296433
coupled,0.5,9,240,1.127320,0.985088,0.9900,0.02295120
coupled,0.5,9,255,1.254652,0.984813,0.9900,0.02296606
coupled,0.5,9,270,1.061061,0.985319,0.9900,0.02294338
coupled,0.5,9,285,1.163967,0.985061,0.9900,0.02296918
coupled,0.5,9,300,1.146902,0.984927,0.9900,0.02302944
coupled,1.0,9,0,2.106799,0.885814,1.1745,0.01697667
coupled,1.0,9,15,1.435892,0.986440,0.9900,0.00011303
coupled,1.0,9,30,1.277552,0.988693,0.9900,0.00006766
coupled,1.0,9,45,1.294226,0.988810,0.9900,0.00006166
coupled,1.0,9,60,1.176565,0.989151,0.9900,0.00006183
coupled,1.0,9,75,1.173124,0.989132,0.9900,0.00005630
coupled,1.0,9,90,1.021287,0.988911,0.9900,0.00006263
coupled,1.0,9,105,1.163158,0.988540,0.9900,0.00006676
coupled,1.0,9,120,1.126296,0.988232,0.9900,0.00006093
coupled,1.0,9,135,1.142411,0.987875,0.9900,0.00006616
coupled,1.0,9,150,0.996698,0.987769,0.9900,0.00006386
coupled,1.0,9,165,1.201873,0.987077,0.9900,0.00007556
coupled,1.0,9,180,1.158201,0.987154,0.9900,0.00006907
coupled,1.0,9,195,1.040197,0.986658,0.9900,0.00008142
coupled,1.0,9,210,1.131113,0.986593,0.9900,0.00007970
coupled,1.0,9,225,1.254733,0.986355,0.9900,0.00007972
coupled,1.0,9,240,1.115688,0.986221,0.9900,0.00007992
coupled,1.0,9,255,1.219328,0.985920,0.9900,0.00008185
coupled,1.0,9,270,1.024192,0.986399,0.9900,0.00007388
coupled,1.0,9,285,1.164391,0.986194,0.9900,0.00008035
coupled,1.0,9,300,1.125946,0.986054,0.9900,0.00008748
coupled,-1.0,9,0,2.959490,0.875011,1.1745,0.06773030
coupled,-1.0,9,15,1.619632,0.984849,0.9900,0.04300875
coupled,-1.0,9,30,1.492130,0.986964,0.9900,0.04284323
coupled,-1.0,9,45,1.536780,0.987004,0.9900,0.04206741
coupled,-1.0,9,60,1.439586,0.987448,0.9900,0.04186738
coupled,-1.0,9,75,1.356169,0.987428,0.9900,0.04200593
coupled,-1.0,9,90,1.258730,0.987177,0.9900,0.04190062
coupled,-1.0,9,105,1.454555,0.986706,0.9900,0.04183101
coupled,-1.0,9,120,1.372481,0.986388,0.9900,0.04192418
coupled,-1.0,9,135,1.370584,0.985946,0.9900,0.04180604
coupled,-1.0,9,150,1.218931,0.985886,0.9900,0.04167469
coupled,-1.0,9,165,1.397115,0.985177,0.9900,0.04156849
coupled,-1.0,9,180,1.335578,0.985204,0.9900,0.04148218
coupled,-1.0,9,195,1.287366,0.984518,0.9900,0.04170694
coupled,-1.0,9,210,1.382638,0.984519,0.9900,0.04160936
coupled,-1.0,9,225,1.480912,0.984300,0.9900,0.04171254
coupled,-1.0,9,240,1.312557,0.984179,0.9900,0.04143181
coupled,-1.0,9,255,1.456745,0.983878,0.9900,0.04145356
coupled,-1.0,9,270,1.246262,0.984355,0.9900,0.04142742
coupled,-1.0,9,285,1.377974,0.984063,0.9900,0.04140540
coupled,-1.0,9,300,1.338454,0.983898,0.9900,0.04151396
coupled,0.0,10,0,1.898992,0.910422,0.8959,0.08407956
coupled,0.0,10,15,1.401047,0.974558,0.9900,0.08407956
coupled,0.0,10,30,1.293146,0.975987,0.9900,0.08407956
coupled,0.0,10,45,1.115834,0.974130,0.9900,0.08407956
coupled,0.0,10,60,1.056628,0.970795,0.9900,0.08407956
coupled,0.0,10,75,1.129045,0.967812,0.9900,0.08407956
coupled,0.0,10,90,0.946699,0.965768,0.9900,0.08407956
coupled,0.0,10,105,0.975795,0.963880,0.9900,0.08407956
coupled,0.0,10,120,0.906602,0.962810,0.9900,0.08407956
coupled,0.0,10,135,0.947615,0.962529,0.9900,0.08407956
coupled,0.0,10,150,1.084762,0.962916,0.9900,0.08407956
coupled,0.0,10,165,1.010594,0.963579,0.9900,0.08407956
coupled,0.0,10,180,1.052913,0.962629,0.9900,0.08407956
coupled,0.0,10,195,0.922035,0.962386,0.9900,0.08407956
coupled,0.0,10,210,1.028878,0.962932,0.9900,0.08407956
coupled,0.0,10,225,0.997006,0.962019,0.9900,0.08407956
coupled,0.0,10,240,1.018164,0.962418,0.9900,0.08407956
coupled,0.0,10,255,0.788596,0.962585,0.9900,0.08407956
coupled,0.0,10,270,1.045992,0.962442,0.9900,0.08407956
coupled,0.0,10,285,1.037433,0.962207,0.9900,0.08407956
coupled,0.0,10,300,1.125603,0.962612,0.9900,0.08407956
coupled,0.5,10,0,1.470733,0.916539,0.8959,0.03050226
coupled,0.5,10,15,1.040921,0.975783,0.9900,0.02209711
coupled,0.5,10,30,0.818392,0.977212,0.9900,0.02194209
coupled,0.5,10,45,0.688985,0.975484,0.9900,0.02193132
coupled,0.5,10,60,0.620893,0.972255,0.9900,0.02207560
coupled,0.5,10,75,0.732307,0.969316,0.9900,0.02205775
coupled,0.5,10,90,0.627280,0.967307,0.9900,0.02215396
coupled,0.5,10,105,0.603584,0.965481,0.9900,0.02220053
coupled,0.5,10,120,0.542097,0.964429,0.9900,0.02229825
coupled,0.5,10,135,0.581279,0.964211,0.9900,0.02236547
coupled,0.5,10,150,0.705517,0.964553,0.9900,0.02227761
coupled,0.5,10,165,0.642972,0.965119,0.9900,0.02220304
coupled,0.5,10,180,0.690252,0.964282,0.9900,0.02237314
coupled,0.5,10,195,0.563979,0.964063,0.9900,0.02236417
coupled,0.5,10,210,0.641278,0.964586,0.9900,0.02225278
coupled,0.5,10,225,0.616315,0.963746,0.9900,0.02239809
coupled,0.5,10,240,0.643070,0.964079,0.9900,0.02231795
coupled,0.5,10,255,0.459526,0.964260,0.9900,0.02234396
coupled,0.5,10,270,0.646146,0.964157,0.9900,0.02238708
coupled,0.5,10,285,0.662646,0.963935,0.9900,0.02234932
coupled,0.5,10,300,0.748454,0.964255,0.9900,0.02234797
coupled,1.0,10,0,1.356892,0.921106,0.8959,0.00379770
coupled,1.0,10,15,1.077715,0.976132,0.9900,0.00008147
coupled,1.0,10,30,0.838218,0.977625,0.9900,0.00006212
coupled,1.0,10,45,0.685203,0.976006,0.9900,0.00006663
coupled,1.0,10,60,0.635214,0.972854,0.9900,0.00008548
coupled,1.0,10,75,0.771996,0.969929,0.9900,0.00009085
coupled,1.0,10,90,0.677573,0.967923,0.9900,0.00010006
coupled,1.0,10,105,0.632734,0.966109,0.9900,0.00011313
coupled,1.0,10,120,0.540054,0.965060,0.9900,0.00012479
coupled,1.0,10,135,0.581969,0.964868,0.9900,0.00013459
coupled,1.0,10,150,0.737736,0.965191,0.9900,0.00012298
coupled,1.0,10,165,0.655388,0.965713,0.9900,0.00010963
coupled,1.0,10,180,0.723157,0.964929,0.9900,0.00013592
coupled,1.0,10,195,0.601738,0.964724,0.9900,0.00013229
coupled,1.0,10,210,0.652490,0.965237,0.9900,0.00012717
coupled,1.0,10,225,0.610063,0.964432,0.9900,0.00013927
coupled,1.0,10,240,0.642497,0.964735,0.9900,0.00013568
coupled,1.0,10,255,0.493949,0.964922,0.9900,0.00013466
coupled,1.0,10,270,0.705878,0.964840,0.9900,0.00013688
coupled,1.0,10,285,0.673723,0.964622,0.9900,0.00013435
coupled,1.0,10,300,0.755055,0.964897,0.9900,0.00013074
coupled,-1.0,10,0,1.575932,0.913462,0.8959,0.04889023
coupled,-1.0,10,15,1.100838,0.975089,0.9900,0.03765846
coupled,-1.0,10,30,0.900542,0.976647,0.9900,0.03632544
coupled,-1.0,10,45,0.762863,0.974994,0.9900,0.03594170
coupled,-1.0,10,60,0.694695,0.971796,0.9900,0.03559405
coupled,-1.0,10,75,0.780284,0.968848,0.9900,0.03523920
coupled,-1.0,10,90,0.663342,0.966812,0.9900,0.03532260
coupled,-1.0,10,105,0.646721,0.964947,0.9900,0.03508789
coupled,-1.0,10,120,0.586886,0.963898,0.9900,0.03505576
coupled,-1.0,10,135,0.620663,0.963646,0.9900,0.03517499
coupled,-1.0,10,150,0.750227,0.963998,0.9900,0.03518970
coupled,-1.0,10,165,0.692307,0.964594,0.9900,0.03505354
coupled,-1.0,10,180,0.737527,0.963733,0.9900,0.03526137
coupled,-1.0,10,195,0.601039,0.963510,0.9900,0.03504823
coupled,-1.0,10,210,0.689390,0.964041,0.9900,0.03514641
coupled,-1.0,10,225,0.669522,0.963184,0.9900,0.03545369
coupled,-1.0,10,240,0.691817,0.963534,0.9900,0.03516762
coupled,-1.0,10,255,0.499129,0.963704,0.9900,0.03510575
coupled,-1.0,10,270,0.688414,0.963613,0.9900,0.03527304
coupled,-1.0,10,285,0.700727,0.963368,0.9900,0.03531610
coupled,-1.0,10,300,0.795162,0.963723,0.9900,0.03525357
coupled,0.0,11,0,4.472622,0.844535,0.9113,0.09893822
coupled,0.0,11,15,1.443156,0.986339,0.9900,0.09893822
coupled,0.0,11,30,1.022234,0.982597,0.9900,0.09893822
coupled,0.0,11,45,0.979516,0.980644,0.9900,0.09893822
coupled,0.0,11,60,1.024449,0.980166,0.9900,0.09893822
coupled,0.0,11,75,0.921048,0.979861,0.9900,0.09893822
coupled,0.0,11,90,1.038287,0.979714,0.9900,0.09893822
coupled,0.0,11,105,1.047420,0.979520,0.9900,0.09893822
coupled,0.0,11,120,1.143226,0.979782,0.9900,0.09893822
coupled,0.0,11,135,1.083240,0.979676,0.9900,0.09893822
coupled,0.0,11,150,1.160959,0.979660,0.9900,0.09893822
coupled,0.0,11,165,1.111380,0.979125,0.9900,0.09893822
coupled,0.0,11,180,1.073247,0.979286,0.9900,0.09893822
coupled,0.0,11,195,1.090504,0.979653,0.9900,0.09893822
coupled,0.0,11,210,0.906001,0.979899,0.9900,0.09893822
coupled,0.0,11,225,1.165963,0.979226,0.9900,0.09893822
coupled,0.0,11,240,1.229091,0.979535,0.9900,0.09893822
coupled,0.0,11,255,1.138502,0.979654,0.9900,0.09893822
coupled,0.0,11,270,1.067056,0.978992,0.9900,0.09893822
coupled,0.0,11,285,1.031028,0.979685,0.9900,0.09893822
coupled,0.0,11,300,1.036266,0.979457,0.9900,0.09893822
coupled,0.5,11,0,3.651477,0.856842,0.9113,0.05118429
coupled,0.5,11,15,0.610139,0.988701,0.9900,0.02564728
coupled,0.5,11,30,0.149709,0.985354,0.9900,0.02565008
coupled,0.5,11,45,0.174808,0.983748,0.9900,0.02567713
coupled,0.5,11,60,0.167149,0.983406,0.9900,0.02575461
coupled,0.5,11,75,0.101426,0.983146,0.9900,0.02575660
coupled,0.5,11,90,0.229070,0.982927,0.9900,0.02570756
coupled,0.5,11,105,0.223865,0.982770,0.9900,0.02580719
coupled,0.5,11,120,0.345419,0.983025,0.9900,0.02573167
coupled,0.5,11,135,0.253041,0.983041,0.9900,0.02576276
coupled,0.5,11,150,0.356041,0.982947,0.9900,0.02579685
coupled,0.5,11,165,0.297292,0.982568,0.9900,0.02583772
coupled,0.5,11,180,0.222717,0.982685,0.9900,0.02588221
coupled,0.5,11,195,0.239862,0.982929,0.9900,0.02573603
coupled,0.5,11,210,0.129127,0.983106,0.9900,0.02573982
coupled,0.5,11,225,0.351617,0.982656,0.9900,0.02580926
coupled,0.5,11,240,0.385827,0.982918,0.9900,0.02570154
coupled,0.5,11,255,0.307681,0.982980,0.9900,0.02570994
coupled,0.5,11,270,0.201213,0.982552,0.9900,0.02580277
coupled,0.5,11,285,0.204997,0.982979,0.9900,0.02577082
coupled,0.5,11,300,0.202539,0.982790,0.9900,0.02575537
coupled,1.0,11,0,3.058115,0.867050,0.9113,0.02322684
coupled,1.0,11,15,0.609668,0.989436,0.9900,0.00004511
coupled,1.0,11,30,0.154742,0.986269,0.9900,0.00005139
coupled,1.0,11,45,0.172521,0.984775,0.9900,0.00005558
coupled,1.0,11,60,0.156002,0.984481,0.9900,0.00006286
coupled,1.0,11,75,0.112685,0.984222,0.9900,0.00006640
coupled,1.0,11,90,0.213066,0.983984,0.9900,0.00006254
coupled,1.0,11,105,0.231568,0.983833,0.9900,0.00007195
coupled,1.0,11,120,0.353283,0.984097,0.9900,0.00006354
coupled,1.0,11,135,0.250767,0.984145,0.9900,0.00006442
coupled,1.0,11,150,0.335485,0.984033,0.9900,0.00006722
coupled,1.0,11,165,0.283993,0.983702,0.9900,0.00007836
coupled,1.0,11,180,0.228729,0.983802,0.9900,0.00007551
coupled,1.0,11,195,0.246198,0.984005,0.9900,0.00006455
coupled,1.0,11,210,0.124535,0.984160,0.9900,0.00006336
coupled,1.0,11,225,0.370355,0.983781,0.9900,0.00007190
coupled,1.0,11,240,0.373978,0.984034,0.9900,0.00006127
coupled,1.0,11,255,0.322845,0.984072,0.9900,0.00006587
coupled,1.0,11,270,0.172301,0.983721,0.9900,0.00007205
coupled,1.0,11,285,0.230110,0.984061,0.9900,0.00006561
coupled,1.0,11,300,0.205640,0.983880,0.9900,0.00006543
coupled,-1.0,11,0,4.074769,0.849147,0.9113,0.07872284
coupled,-1.0,11,15,0.791263,0.988028,0.9900,0.04904269
coupled,-1.0,11,30,0.314876,0.984652,0.9900,0.04751542
coupled,-1.0,11,45,0.337905,0.982908,0.9900,0.04730642
coupled,-1.0,11,60,0.341217,0.982518,0.9900,0.04750717
coupled,-1.0,11,75,0.253489,0.982233,0.9900,0.04741700
coupled,-1.0,11,90,0.396764,0.982041,0.9900,0.04719983
coupled,-1.0,11,105,0.381239,0.981833,0.9900,0.04745196
coupled,-1.0,11,120,0.503039,0.982138,0.9900,0.04721735
coupled,-1.0,11,135,0.435501,0.982096,0.9900,0.04725371
coupled,-1.0,11,150,0.509261,0.982059,0.9900,0.04714467
coupled,-1.0,11,165,0.470239,0.981593,0.9900,0.04743664
coupled,-1.0,11,180,0.386543,0.981736,0.9900,0.04736882
coupled,-1.0,11,195,0.398637,0.982019,0.9900,0.04701627
coupled,-1.0,11,210,0.285095,0.982197,0.9900,0.04717313
coupled,-1.0,11,225,0.498845,0.981708,0.9900,0.04739268
coupled,-1.0,11,240,0.558522,0.981995,0.9900,0.04721134
coupled,-1.0,11,255,0.466348,0.982035,0.9900,0.04738445
coupled,-1.0,11,270,0.379711,0.981533,0.9900,0.04730068
coupled,-1.0,11,285,0.361200,0.982079,0.9900,0.04721665
coupled,-1.0,11,300,0.347627,0.981872,0.9900,0.04709742
coupled,0.0,12,0,3.204244,0.894415,0.6862,0.07749822
coupled,0.0,12,15,1.035579,0.985572,0.9900,0.07749822
coupled,0.0,12,30,0.809569,0.984410,0.9900,0.07749822
coupled,0.0,12,45,0.639151,0.983818,0.9900,0.07749822
coupled,0.0,12,60,0.856146,0.984234,0.9900,0.07749822
coupled,0.0,12,75,0.555349,0.985219,0.9900,0.07749822
coupled,0.0,12,90,0.804797,0.985969,0.9900,0.07749822
coupled,0.0,12,105,0.687790,0.986334,0.9900,0.07749822
coupled,0.0,12,120,0.591237,0.986554,0.9900,0.07749822
coupled,0.0,12,135,0.636187,0.986832,0.9900,0.07749822
coupled,0.0,12,150,0.669848,0.986561,0.9900,0.07749822
coupled,0.0,12,165,0.604346,0.986729,0.9900,0.07749822
coupled,0.0,12,180,0.888020,0.986556,0.9900,0.07749822
coupled,0.0,12,195,0.595336,0.986935,0.9900,0.07749822
coupled,0.0,12,210,0.752441,0.986863,0.9900,0.07749822
coupled,0.0,12,225,0.757744,0.986913,0.9900,0.07749822
coupled,0.0,12,240,0.784304,0.986749,0.9900,0.07749822
coupled,0.0,12,255,0.633988,0.986966,0.9900,0.07749822
coupled,0.0,12,270,0.712190,0.986827,0.9900,0.07749822
coupled,0.0,12,285,0.500289,0.986827,0.9900,0.07749822
coupled,0.0,12,300,0.680703,0.986827,0.9900,0.07749822
coupled,0.5,12,0,1.947397,0.911513,0.6862,0.02735586
coupled,0.5,12,15,0.354230,0.987408,0.9900,0.01961017
coupled,0.5,12,30,0.181678,0.986001,0.9900,0.01956202
coupled,0.5,12,45,0.073198,0.985385,0.9900,0.01962838
coupled,0.5,12,60,0.247293,0.985759,0.9900,0.01966085
coupled,0.5,12,75,0.016291,0.986527,0.9900,0.01962719
coupled,0.5,12,90,0.162372,0.987153,0.9900,0.01960037
coupled,0.5,12,105,0.098154,0.987492,0.9900,0.01959432
coupled,0.5,12,120,0.023221,0.987711,0.9900,0.01959853
coupled,0.5,12,135,0.048319,0.988009,0.9900,0.01957656
coupled,0.5,12,150,0.054703,0.987841,0.9900,0.01958857
coupled,0.5,12,165,0.000000,0.988080,0.9900,0.01959377
coupled,0.5,12,180,0.234378,0.988012,0.9900,0.01959574
coupled,0.5,12,195,0.000000,0.988356,0.9900,0.01956191
coupled,0.5,12,210,0.125843,0.988401,0.9900,0.01959212
coupled,0.5,12,225,0.124044,0.988449,0.9900,0.01961794
coupled,0.5,12,240,0.093841,0.988345,0.9900,0.01959601
coupled,0.5,12,255,0.002194,0.988464,0.9900,0.01955956
coupled,0.5,12,270,0.044961,0.988441,0.9900,0.01959052
coupled,0.5,12,285,0.000000,0.988397,0.9900,0.01958078
coupled,0.5,12,300,0.084823,0.988331,0.9900,0.01956357
coupled,1.0,12,0,1.354419,0.921232,0.6862,0.00258772
coupled,1.0,12,15,0.412832,0.987832,0.9900,0.00001169
coupled,1.0,12,30,0.247179,0.986351,0.9900,0.00001269
coupled,1.0,12,45,0.101186,0.985653,0.9900,0.00001558
coupled,1.0,12,60,0.332140,0.985977,0.9900,0.00001573
coupled,1.0,12,75,0.068825,0.986649,0.9900,0.00001383
coupled,1.0,12,90,0.200029,0.987195,0.9900,0.00001214
coupled,1.0,12,105,0.153822,0.987463,0.9900,0.00001201
coupled,1.0,12,120,0.086787,0.987612,0.9900,0.00001143
coupled,1.0,12,135,0.087692,0.987844,0.9900,0.00001097
coupled,1.0,12,150,0.072347,0.987622,0.9900,0.00001116
coupled,1.0,12,165,0.037942,0.987825,0.9900,0.00001112
coupled,1.0,12,180,0.296266,0.987736,0.9900,0.00001147
coupled,1.0,12,195,0.037171,0.988072,0.9900,0.00000990
coupled,1.0,12,210,0.228236,0.988163,0.9900,0.00001092
coupled,1.0,12,225,0.175482,0.988240,0.9900,0.00001050
coupled,1.0,12,240,0.161027,0.988206,0.9900,0.00001044
coupled,1.0,12,255,0.061935,0.988371,0.9900,0.00000955
coupled,1.0,12,270,0.105883,0.988459,0.9900,0.00001013
coupled,1.0,12,285,0.000000,0.988471,0.9900,0.00000990
coupled,1.0,12,300,0.124756,0.988457,0.9900,0.00000990
coupled,-1.0,12,0,2.297871,0.903021,0.6862,0.04616801
coupled,-1.0,12,15,0.467140,0.986885,0.9900,0.03136937
coupled,-1.0,12,30,0.260550,0.985514,0.9900,0.03061812
coupled,-1.0,12,45,0.124489,0.984820,0.9900,0.03065538
coupled,-1.0,12,60,0.305791,0.985140,0.9900,0.03058924
coupled,-1.0,12,75,0.076812,0.985890,0.9900,0.03078426
coupled,-1.0,12,90,0.229386,0.986511,0.9900,0.03055751
coupled,-1.0,12,105,0.156331,0.986790,0.9900,0.03064060
coupled,-1.0,12,120,0.095702,0.986970,0.9900,0.03055473
coupled,-1.0,12,135,0.130442,0.987213,0.9900,0.03065269
coupled,-1.0,12,150,0.134679,0.987001,0.9900,0.03063316
coupled,-1.0,12,165,0.074721,0.987217,0.9900,0.03054312
coupled,-1.0,12,180,0.340526,0.987138,0.9900,0.03053141
coupled,-1.0,12,195,0.037680,0.987553,0.9900,0.03054167
coupled,-1.0,12,210,0.232603,0.987617,0.9900,0.03064201
coupled,-1.0,12,225,0.204087,0.987767,0.9900,0.03060576
coupled,-1.0,12,240,0.181701,0.987696,0.9900,0.03054210
coupled,-1.0,12,255,0.085213,0.987920,0.9900,0.03031092
coupled,-1.0,12,270,0.141243,0.987930,0.9900,0.03058666
coupled,-1.0,12,285,0.000000,0.987961,0.9900,0.03049600
coupled,-1.0,12,300,0.148539,0.987923,0.9900,0.03051400
coupled,0.0,13,0,2.934892,0.867592,0.8994,0.09000000
coupled,0.0,13,15,1.805545,0.979263,0.9900,0.09000000
coupled,0.0,13,30,1.607494,0.983475,0.9900,0.09000000
coupled,0.0,13,45,1.609225,0.984198,0.9900,0.09000000
coupled,0.0,13,60,1.515303,0.984162,0.9900,0.09000000
coupled,0.0,13,75,1.524645,0.984107,0.9900,0.09000000
coupled,0.0,13,90,1.601137,0.984697,0.9900,0.09000000
coupled,0.0,13,105,1.485217,0.984734,0.9900,0.09000000
coupled,0.0,13,120,1.585173,0.984624,0.9900,0.09000000
coupled,0.0,13,135,1.429822,0.984926,0.9900,0.09000000
coupled,0.0,13,150,1.437595,0.984819,0.9900,0.09000000
coupled,0.0,13,165,1.473723,0.985020,0.9900,0.09000000
coupled,0.0,13,180,1.596090,0.984912,0.9900,0.09000000
coupled,0.0,13,195,1.607995,0.985093,0.9900,0.09000000
coupled,0.0,13,210,1.525916,0.984784,0.9900,0.09000000
coupled,0.0,13,225,1.391124,0.985034,0.9900,0.09000000
coupled,0.0,13,240,1.568283,0.985091,0.9900,0.09000000
coupled,0.0,13,255,1.470859,0.984849,0.9900,0.09000000
coupled,0.0,13,270,1.461892,0.985067,0.9900,0.09000000
coupled,0.0,13,285,1.637307,0.984996,0.9900,0.09000000
coupled,0.0,13,300,1.581027,0.985055,0.9900,0.09000000
coupled,0.5,13,0,1.596043,0.890356,0.8994,0.03048906
coupled,0.5,13,15,0.640961,0.984467,0.9900,0.02300335
coupled,0.5,13,30,0.355297,0.987228,0.9900,0.02291268
coupled,0.5,13,45,0.457503,0.987852,0.9900,0.02291668
coupled,0.5,13,60,0.311843,0.987834,0.9900,0.02288082
coupled,0.5,13,75,0.353105,0.987741,0.9900,0.02294108
coupled,0.5,13,90,0.391453,0.988107,0.9900,0.02288465
coupled,0.5,13,105,0.283786,0.988165,0.9900,0.02285026
coupled,0.5,13,120,0.425497,0.988109,0.9900,0.02289523
coupled,0.5,13,135,0.263948,0.988219,0.9900,0.02287602
coupled,0.5,13,150,0.254707,0.988280,0.9900,0.02289086
coupled,0.5,13,165,0.339197,0.988336,0.9900,0.02283211
coupled,0.5,13,180,0.380941,0.988309,0.9900,0.02288175
coupled,0.5,13,195,0.434368,0.988356,0.9900,0.02291297
coupled,0.5,13,210,0.357751,0.988314,0.9900,0.02288282
coupled,0.5,13,225,0.243246,0.988322,0.9900,0.02289029
coupled,0.5,13,240,0.356905,0.988435,0.9900,0.02286053
coupled,0.5,13,255,0.258314,0.988281,0.9900,0.02286026
coupled,0.5,13,270,0.308295,0.988391,0.9900,0.02284196
coupled,0.5,13,285,0.453996,0.988386,0.9900,0.02291643
coupled,0.5,13,300,0.389687,0.988378,0.9900,0.02288050
coupled,1.0,13,0,0.935314,0.910971,0.8994,0.00302008
coupled,1.0,13,15,0.548688,0.985882,0.9900,0.00003142
coupled,1.0,13,30,0.294542,0.988422,0.9900,0.00002101
coupled,1.0,13,45,0.422473,0.989088,0.9900,0.00001939
coupled,1.0,13,60,0.293237,0.989052,0.9900,0.00001782
coupled,1.0,13,75,0.296756,0.988898,0.9900,0.00002030
coupled,1.0,13,90,0.320794,0.989152,0.9900,0.00001841
coupled,1.0,13,105,0.239287,0.989171,0.9900,0.00001810
coupled,1.0,13,120,0.327659,0.989096,0.9900,0.00001875
coupled,1.0,13,135,0.228038,0.989137,0.9900,0.00001839
coupled,1.0,13,150,0.200157,0.989216,0.9900,0.00001878
coupled,1.0,13,165,0.293485,0.989228,0.9900,0.00001675
coupled,1.0,13,180,0.314407,0.989212,0.9900,0.00001832
coupled,1.0,13,195,0.383402,0.989222,0.9900,0.00002098
coupled,1.0,13,210,0.306306,0.989243,0.9900,0.00001819
coupled,1.0,13,225,0.182234,0.989189,0.9900,0.00001832
coupled,1.0,13,240,0.290510,0.989318,0.9900,0.00001660
coupled,1.0,13,255,0.219780,0.989179,0.9900,0.00001793
coupled,1.0,13,270,0.248930,0.989264,0.9900,0.00001633
coupled,1.0,13,285,0.426072,0.989272,0.9900,0.00001875
coupled,1.0,13,300,0.293523,0.989247,0.9900,0.00001773
coupled,-1.0,13,0,2.290405,0.875596,0.8994,0.06387598
coupled,-1.0,13,15,0.999280,0.982792,0.9900,0.04410165
coupled,-1.0,13,30,0.714390,0.986312,0.9900,0.04357751
coupled,-1.0,13,45,0.792286,0.987146,0.9900,0.04328021
coupled,-1.0,13,60,0.620929,0.987088,0.9900,0.04323498
coupled,-1.0,13,75,0.633707,0.986936,0.9900,0.04306631
coupled,-1.0,13,90,0.711168,0.987367,0.9900,0.04290848
coupled,-1.0,13,105,0.566160,0.987345,0.9900,0.04306836
coupled,-1.0,13,120,0.721947,0.987252,0.9900,0.04304315
coupled,-1.0,13,135,0.543740,0.987447,0.9900,0.04285416
coupled,-1.0,13,150,0.545723,0.987364,0.9900,0.04293819
coupled,-1.0,13,165,0.613399,0.987489,0.9900,0.04277485
coupled,-1.0,13,180,0.708262,0.987431,0.9900,0.04285728
coupled,-1.0,13,195,0.722222,0.987481,0.9900,0.04296317
coupled,-1.0,13,210,0.638765,0.987386,0.9900,0.04293209
coupled,-1.0,13,225,0.539003,0.987472,0.9900,0.04282719
coupled,-1.0,13,240,0.658594,0.987534,0.9900,0.04285110
coupled,-1.0,13,255,0.549875,0.987433,0.9900,0.04269791
coupled,-1.0,13,270,0.597069,0.987525,0.9900,0.04303585
coupled,-1.0,13,285,0.743392,0.987455,0.9900,0.04281888
coupled,-1.0,13,300,0.685882,0.987480,0.9900,0.04298187
coupled,0.0,14,0,3.080537,0.861885,0.9000,0.08025600
coupled,0.0,14,15,2.413744,0.980142,0.9900,0.08025600
coupled,0.0,14,30,1.927552,0.983672,0.9900,0.08025600
coupled,0.0,14,45,1.813709,0.982178,0.9900,0.08025600
coupled,0.0,14,60,1.699487,0.981784,0.9900,0.08025600
coupled,0.0,14,75,1.851599,0.980695,0.9900,0.08025600
coupled,0.0,14,90,1.552037,0.980739,0.9900,0.08025600
coupled,0.0,14,105,1.934485,0.980279,0.9900,0.08025600
coupled,0.0,14,120,1.830860,0.980137,0.9900,0.08025600
coupled,0.0,14,135,1.909129,0.979866,0.9900,0.08025600
coupled,0.0,14,150,1.858240,0.980665,0.9900,0.08025600
coupled,0.0,14,165,1.833656,0.980044,0.9900,0.08025600
coupled,0.0,14,180,1.741984,0.979912,0.9900,0.08025600
coupled,0.0,14,195,1.767145,0.979724,0.9900,0.08025600
coupled,0.0,14,210,1.640724,0.980208,0.9900,0.08025600
coupled,0.0,14,225,1.589403,0.980281,0.9900,0.08025600
coupled,0.0,14,240,1.606308,0.979836,0.9900,0.08025600
coupled,0.0,14,255,1.732751,0.979710,0.9900,0.08025600
coupled,0.0,14,270,1.824261,0.980146,0.9900,0.08025600
coupled,0.0,14,285,1.768334,0.979689,0.9900,0.08025600
coupled,0.0,14,300,1.600680,0.980128,0.9900,0.08025600
coupled,0.5,14,0,2.647019,0.862677,0.9000,0.05503897
coupled,0.5,14,15,1.618934,0.980774,0.9900,0.02402167
coupled,0.5,14,30,1.242708,0.984328,0.9900,0.02245005
coupled,0.5,14,45,1.140311,0.982908,0.9900,0.02257929
coupled,0.5,14,60,1.048416,0.982510,0.9900,0.02252897
coupled,0.5,14,75,1.192867,0.981513,0.9900,0.02279651
coupled,0.5,14,90,0.931696,0.981542,0.9900,0.02272915
coupled,0.5,14,105,1.253305,0.981060,0.9900,0.02280383
coupled,0.5,14,120,1.152757,0.980964,0.9900,0.02283456
coupled,0.5,14,135,1.228229,0.980705,0.9900,0.02292348
coupled,0.5,14,150,1.202902,0.981387,0.9900,0.02271186
coupled,0.5,14,165,1.144871,0.980831,0.9900,0.02282864
coupled,0.5,14,180,1.065999,0.980705,0.9900,0.02288596
coupled,0.5,14,195,1.115697,0.980559,0.9900,0.02292985
coupled,0.5,14,210,0.998573,0.980993,0.9900,0.02273067
coupled,0.5,14,225,0.970637,0.981017,0.9900,0.02280297
coupled,0.5,14,240,0.905565,0.980587,0.9900,0.02292419
coupled,0.5,14,255,1.071160,0.980493,0.9900,0.02290649
coupled,0.5,14,270,1.151593,0.980876,0.9900,0.02284662
coupled,0.5,14,285,1.082376,0.980445,0.9900,0.02299626
coupled,0.5,14,300,0.916148,0.980860,0.9900,0.02271358
coupled,1.0,14,0,2.380511,0.862920,0.9000,0.03768055
coupled,1.0,14,15,1.492542,0.980766,0.9900,0.00089101
coupled,1.0,14,30,1.180871,0.984541,0.9900,0.00032350
coupled,1.0,14,45,1.098800,0.983192,0.9900,0.00036520
coupled,1.0,14,60,0.989461,0.982821,0.9900,0.00034618
coupled,1.0,14,75,1.149985,0.981896,0.9900,0.00040959
coupled,1.0,14,90,0.893626,0.981924,0.9900,0.00040397
coupled,1.0,14,105,1.228405,0.981432,0.9900,0.00041240
coupled,1.0,14,120,1.063292,0.981359,0.9900,0.00041969
coupled,1.0,14,135,1.175844,0.981104,0.9900,0.00045248
coupled,1.0,14,150,1.164921,0.981720,0.9900,0.00038743
coupled,1.0,14,165,1.091738,0.981194,0.9900,0.00042468
coupled,1.0,14,180,1.009252,0.981070,0.9900,0.00044192
coupled,1.0,14,195,1.033470,0.980941,0.9900,0.00045883
coupled,1.0,14,210,0.904853,0.981347,0.9900,0.00040488
coupled,1.0,14,225,0.941848,0.981340,0.9900,0.00042248
coupled,1.0,14,240,0.870527,0.980912,0.9900,0.00044980
coupled,1.0,14,255,1.055922,0.980829,0.9900,0.00047034
coupled,1.0,14,270,1.100035,0.981175,0.9900,0.00041936
coupled,1.0,14,285,0.999909,0.980752,0.9900,0.00048858
coupled,1.0,14,300,0.846070,0.981143,0.9900,0.00040378
coupled,-1.0,14,0,2.799217,0.861991,0.9000,0.06714840
coupled,-1.0,14,15,1.819492,0.980123,0.9900,0.03840298
coupled,-1.0,14,30,1.365645,0.983989,0.9900,0.03585042
coupled,-1.0,14,45,1.255336,0.982603,0.9900,0.03569104
coupled,-1.0,14,60,1.157255,0.982242,0.9900,0.03552326
coupled,-1.0,14,75,1.291627,0.981245,0.9900,0.03589884
coupled,-1.0,14,90,1.027856,0.981282,0.9900,0.03573434
coupled,-1.0,14,105,1.364231,0.980798,0.9900,0.03581397
coupled,-1.0,14,120,1.264875,0.980696,0.9900,0.03602339
coupled,-1.0,14,135,1.348998,0.980426,0.9900,0.03589197
coupled,-1.0,14,150,1.302551,0.981135,0.9900,0.03575713
coupled,-1.0,14,165,1.244960,0.980566,0.9900,0.03578367
coupled,-1.0,14,180,1.181748,0.980418,0.9900,0.03584210
coupled,-1.0,14,195,1.226653,0.980261,0.9900,0.03588627
coupled,-1.0,14,210,1.100948,0.980709,0.9900,0.03583067
coupled,-1.0,14,225,1.082627,0.980732,0.9900,0.03582218
coupled,-1.0,14,240,1.009286,0.980290,0.9900,0.03583148
coupled,-1.0,14,255,1.167172,0.980172,0.9900,0.03572109
coupled,-1.0,14,270,1.259319,0.980555,0.9900,0.03588699
coupled,-1.0,14,285,1.205139,0.980126,0.9900,0.03608713
coupled,-1.0,14,300,1.027906,0.980526,0.9900,0.03573357
coupled,0.0,15,0,4.307814,0.860333,0.9000,0.09159600
coupled,0.0,15,15,2.334519,0.987159,0.9900,0.09159600
coupled,0.0,15,30,2.183636,0.989384,0.9900,0.09159600
coupled,0.0,15,45,1.996824,0.988941,0.9900,0.09159600
coupled,0.0,15,60,2.032043,0.988214,0.9900,0.09159600
coupled,0.0,15,75,2.012383,0.987444,0.9900,0.09159600
coupled,0.0,15,90,1.950472,0.986791,0.9900,0.09159600
coupled,0.0,15,105,1.964668,0.986562,0.9900,0.09159600
coupled,0.0,15,120,2.022568,0.986092,0.9900,0.09159600
coupled,0.0,15,135,1.952703,0.985837,0.9900,0.09159600
coupled,0.0,15,150,2.074424,0.985075,0.9900,0.09159600
coupled,0.0,15,165,1.981589,0.985070,0.9900,0.09159600
coupled,0.0,15,180,2.027051,0.985015,0.9900,0.09159600
coupled,0.0,15,195,2.046291,0.984181,0.9900,0.09159600
coupled,0.0,15,210,2.104147,0.984564,0.9900,0.09159600
coupled,0.0,15,225,2.064331,0.983632,0.9900,0.09159600
coupled,0.0,15,240,2.117894,0.983130,0.9900,0.09159600
coupled,0.0,15,255,1.988006,0.982927,0.9900,0.09159600
coupled,0.0,15,270,1.987537,0.982453,0.9900,0.09159600
coupled,0.0,15,285,2.100612,0.982158,0.9900,0.09159600
coupled,0.0,15,300,2.112552,0.982148,0.9900,0.09159600
coupled,0.5,15,0,3.141593,0.874536,0.9000,0.03622405
coupled,0.5,15,15,1.004957,0.990828,0.9900,0.02338151
coupled,0.5,15,30,0.850565,0.992254,0.9900,0.02317152
coupled,0.5,15,45,0.683897,0.992255,0.9900,0.02307675
coupled,0.5,15,60,0.722847,0.991769,0.9900,0.02306015
coupled,0.5,15,75,0.752399,0.991226,0.9900,0.02308753
coupled,0.5,15,90,0.662662,0.990689,0.9900,0.02308327
coupled,0.5,15,105,0.656389,0.990501,0.9900,0.02310028
coupled,0.5,15,120,0.741629,0.990101,0.9900,0.02314391
coupled,0.5,15,135,0.653226,0.989897,0.9900,0.02309426
coupled,0.5,15,150,0.757947,0.989440,0.9900,0.02314647
coupled,0.5,15,165,0.681467,0.989256,0.9900,0.02312532
coupled,0.5,15,180,0.704682,0.988963,0.9900,0.02310801
coupled,0.5,15,195,0.750587,0.988455,0.9900,0.02312492
coupled,0.5,15,210,0.821101,0.988529,0.9900,0.02311544
coupled,0.5,15,225,0.785893,0.987823,0.9900,0.02310287
coupled,0.5,15,240,0.836097,0.987458,0.9900,0.02313010
coupled,0.5,15,255,0.711701,0.987071,0.9900,0.02313222
coupled,0.5,15,270,0.704547,0.986579,0.9900,0.02319039
coupled,0.5,15,285,0.777683,0.986318,0.9900,0.02315727
coupled,0.5,15,300,0.831351,0.986265,0.9900,0.02320983
coupled,1.0,15,0,2.139298,0.887156,0.9000,0.00950794
coupled,1.0,15,15,0.847668,0.991625,0.9900,0.00001576
coupled,1.0,15,30,0.734043,0.992956,0.9900,0.00000708
coupled,1.0,15,45,0.568121,0.993110,0.9900,0.00000548
coupled,1.0,15,60,0.575751,0.992692,0.9900,0.00000549
coupled,1.0,15,75,0.637765,0.992212,0.9900,0.00000639
coupled,1.0,15,90,0.575427,0.991703,0.9900,0.00000701
coupled,1.0,15,105,0.544266,0.991516,0.9900,0.00000730
coupled,1.0,15,120,0.627235,0.991121,0.9900,0.00000891
coupled,1.0,15,135,0.561474,0.990925,0.9900,0.00000794
coupled,1.0,15,150,0.592429,0.990528,0.9900,0.00000981
coupled,1.0,15,165,0.558626,0.990258,0.9900,0.00000968
coupled,1.0,15,180,0.624631,0.989873,0.9900,0.00001014
coupled,1.0,15,195,0.632186,0.989404,0.9900,0.00001030
coupled,1.0,15,210,0.714274,0.989352,0.9900,0.00001178
coupled,1.0,15,225,0.702107,0.988655,0.9900,0.00001276
coupled,1.0,15,240,0.714466,0.988297,0.9900,0.00001285
coupled,1.0,15,255,0.612971,0.987842,0.9900,0.00001506
coupled,1.0,15,270,0.608989,0.987367,0.9900,0.00001656
coupled,1.0,15,285,0.656679,0.987189,0.9900,0.00001599
coupled,1.0,15,300,0.780847,0.987191,0.9900,0.00001616
coupled,-1.0,15,0,3.696853,0.865812,0.9000,0.06753301
coupled,-1.0,15,15,1.314062,0.989590,0.9900,0.04323507
coupled,-1.0,15,30,1.171453,0.991465,0.9900,0.04207684
coupled,-1.0,15,45,0.976665,0.991428,0.9900,0.04157489
coupled,-1.0,15,60,1.005929,0.990878,0.9900,0.04129215
coupled,-1.0,15,75,1.036581,0.990291,0.9900,0.04166947
coupled,-1.0,15,90,0.937241,0.989650,0.9900,0.04145404
coupled,-1.0,15,105,0.931300,0.989458,0.9900,0.04132610
coupled,-1.0,15,120,1.004721,0.989049,0.9900,0.04133081
coupled,-1.0,15,135,0.945457,0.988735,0.9900,0.04150019
coupled,-1.0,15,150,1.032363,0.988150,0.9900,0.04147983
coupled,-1.0,15,165,0.964648,0.987900,0.9900,0.04153832
coupled,-1.0,15,180,0.990011,0.987703,0.9900,0.04141560
coupled,-1.0,15,195,1.030338,0.987018,0.9900,0.04150222
coupled,-1.0,15,210,1.084627,0.987156,0.9900,0.04124352
coupled,-1.0,15,225,1.046379,0.986269,0.9900,0.04123630
coupled,-1.0,15,240,1.104304,0.985803,0.9900,0.04140453
coupled,-1.0,15,255,0.988258,0.985407,0.9900,0.04126072
coupled,-1.0,15,270,0.963004,0.984838,0.9900,0.04136919
coupled,-1.0,15,285,1.064452,0.984614,0.9900,0.04133190
coupled,-1.0,15,300,1.085219,0.984659,0.9900,0.04130337
coupled,0.0,16,0,2.519928,0.905031,0.9000,0.08732222
coupled,0.0,16,15,0.923628,0.983164,0.9900,0.08732222
coupled,0.0,16,30,0.789539,0.978277,0.9900,0.08732222
coupled,0.0,16,45,0.655237,0.972941,0.9900,0.08732222
coupled,0.0,16,60,0.568812,0.969210,0.9900,0.08732222
coupled,0.0,16,75,0.488062,0.966763,0.9900,0.08732222
coupled,0.0,16,90,0.431013,0.965471,0.9900,0.08732222
coupled,0.0,16,105,0.545915,0.963819,0.9900,0.08732222
coupled,0.0,16,120,0.591561,0.963265,0.9900,0.08732222
coupled,0.0,16,135,0.618619,0.962654,0.9900,0.08732222
coupled,0.0,16,150,0.564611,0.962363,0.9900,0.08732222
coupled,0.0,16,165,0.429339,0.961791,0.9900,0.08732222
coupled,0.0,16,180,0.561525,0.961627,0.9900,0.08732222
coupled,0.0,16,195,0.578186,0.961825,0.9900,0.08732222
coupled,0.0,16,210,0.566105,0.961373,0.9900,0.08732222
coupled,0.0,16,225,0.465011,0.961214,0.9900,0.08732222
coupled,0.0,16,240,0.500389,0.961754,0.9900,0.08732222
coupled,0.0,16,255,0.597933,0.960942,0.9900,0.08732222
coupled,0.0,16,270,0.407873,0.961260,0.9900,0.08732222
coupled,0.0,16,285,0.500647,0.961850,0.9900,0.08732222
coupled,0.0,16,300,0.506117,0.961906,0.9900,0.08732222
coupled,0.5,16,0,1.797866,0.914747,0.9000,0.03086426
coupled,0.5,16,15,0.493325,0.984541,0.9900,0.02224995
coupled,0.5,16,30,0.394475,0.979802,0.9900,0.02225339
coupled,0.5,16,45,0.310829,0.974541,0.9900,0.02238328
coupled,0.5,16,60,0.292248,0.970970,0.9900,0.02250779
coupled,0.5,16,75,0.234542,0.968643,0.9900,0.02252928
coupled,0.5,16,90,0.183209,0.967338,0.9900,0.02247532
coupled,0.5,16,105,0.301996,0.965877,0.9900,0.02261771
coupled,0.5,16,120,0.324869,0.965283,0.9900,0.02251974
coupled,0.5,16,135,0.358862,0.964771,0.9900,0.02254646
coupled,0.5,16,150,0.296211,0.964395,0.9900,0.02252145
coupled,0.5,16,165,0.188145,0.963875,0.9900,0.02253285
coupled,0.5,16,180,0.323549,0.963708,0.9900,0.02254797
coupled,0.5,16,195,0.330392,0.964024,0.9900,0.02259643
coupled,0.5,16,210,0.274990,0.963563,0.9900,0.02257288
coupled,0.5,16,225,0.216532,0.963399,0.9900,0.02260570
coupled,0.5,16,240,0.234527,0.963912,0.9900,0.02263912
coupled,0.5,16,255,0.312917,0.963260,0.9900,0.02267119
coupled,0.5,16,270,0.152098,0.963577,0.9900,0.02263099
coupled,0.5,16,285,0.258216,0.964074,0.9900,0.02256741
coupled,0.5,16,300,0.231549,0.964125,0.9900,0.02255588
coupled,1.0,16,0,1.514985,0.921541,0.9000,0.00278742
coupled,1.0,16,15,0.538802,0.985044,0.9900,0.00001841
coupled,1.0,16,30,0.473274,0.980382,0.9900,0.00002496
coupled,1.0,16,45,0.358747,0.975133,0.9900,0.00004193
coupled,1.0,16,60,0.371378,0.971652,0.9900,0.00005718
coupled,1.0,16,75,0.286285,0.969411,0.9900,0.00006315
coupled,1.0,16,90,0.253745,0.968111,0.9900,0.00006163
coupled,1.0,16,105,0.357814,0.966759,0.9900,0.00007181
coupled,1.0,16,120,0.404320,0.966159,0.9900,0.00007301
coupled,1.0,16,135,0.406905,0.965705,0.9900,0.00007257
coupled,1.0,16,150,0.338763,0.965287,0.9900,0.00007172
coupled,1.0,16,165,0.249407,0.964783,0.9900,0.00007264
coupled,1.0,16,180,0.359779,0.964624,0.9900,0.00008082
coupled,1.0,16,195,0.384626,0.964991,0.9900,0.00007525
coupled,1.0,16,210,0.330553,0.964525,0.9900,0.00008165
coupled,1.0,16,225,0.247843,0.964364,0.9900,0.00008172
coupled,1.0,16,240,0.287177,0.964862,0.9900,0.00008141
coupled,1.0,16,255,0.365584,0.964281,0.9900,0.00008540
coupled,1.0,16,270,0.201028,0.964585,0.9900,0.00008201
coupled,1.0,16,285,0.305659,0.965038,0.9900,0.00007497
coupled,1.0,16,300,0.294438,0.965087,0.9900,0.00007703
coupled,-1.0,16,0,1.983549,0.909935,0.9000,0.05066783
coupled,-1.0,16,15,0.569534,0.983975,0.9900,0.04153002
coupled,-1.0,16,30,0.465704,0.979236,0.9900,0.04072268
coupled,-1.0,16,45,0.358881,0.973877,0.9900,0.04055699
coupled,-1.0,16,60,0.325418,0.970273,0.9900,0.04002468
coupled,-1.0,16,75,0.259050,0.967940,0.9900,0.03993625
coupled,-1.0,16,90,0.209944,0.966708,0.9900,0.03967774
coupled,-1.0,16,105,0.331907,0.965228,0.9900,0.03963029
coupled,-1.0,16,120,0.355862,0.964684,0.9900,0.03959502
coupled,-1.0,16,135,0.384765,0.964164,0.9900,0.03949624
coupled,-1.0,16,150,0.330376,0.963821,0.9900,0.03951469
coupled,-1.0,16,165,0.206814,0.963272,0.9900,0.03930267
coupled,-1.0,16,180,0.351753,0.963120,0.9900,0.03948279
coupled,-1.0,16,195,0.358501,0.963405,0.9900,0.03953854
coupled,-1.0,16,210,0.306655,0.962977,0.9900,0.03952590
coupled,-1.0,16,225,0.236203,0.962846,0.9900,0.03945031
coupled,-1.0,16,240,0.274371,0.963331,0.9900,0.03936206
coupled,-1.0,16,255,0.345500,0.962674,0.9900,0.03952784
coupled,-1.0,16,270,0.185228,0.962982,0.9900,0.03952521
coupled,-1.0,16,285,0.284804,0.963519,0.9900,0.03938830
coupled,-1.0,16,300,0.261387,0.963559,0.9900,0.03941683
coupled,0.0,17,0,1.707220,0.868665,0.8802,0.09053289
coupled,0.0,17,15,2.206056,0.984531,0.9900,0.09053289
coupled,0.0,17,30,1.719489,0.992813,0.9900,0.09053289
coupled,0.0,17,45,1.688720,0.991640,0.9900,0.09053289
coupled,0.0,17,60,1.446627,0.990131,0.9900,0.09053289
coupled,0.0,17,75,1.545885,0.988975,0.9900,0.09053289
coupled,0.0,17,90,1.431874,0.988032,0.9900,0.09053289
coupled,0.0,17,105,1.394473,0.987156,0.9900,0.09053289
coupled,0.0,17,120,1.590342,0.986459,0.9900,0.09053289
coupled,0.0,17,135,1.280376,0.986163,0.9900,0.09053289
coupled,0.0,17,150,1.643326,0.985994,0.9900,0.09053289
coupled,0.0,17,165,1.482329,0.985724,0.9900,0.09053289
coupled,0.0,17,180,1.411183,0.985644,0.9900,0.09053289
coupled,0.0,17,195,1.179486,0.985971,0.9900,0.09053289
coupled,0.0,17,210,1.331069,0.985809,0.9900,0.09053289
coupled,0.0,17,225,1.365856,0.985504,0.9900,0.09053289
coupled,0.0,17,240,1.246502,0.985648,0.9900,0.09053289
coupled,0.0,17,255,1.310428,0.985894,0.9900,0.09053289
coupled,0.0,17,270,1.447418,0.986050,0.9900,0.09053289
coupled,0.0,17,285,1.343190,0.985933,0.9900,0.09053289
coupled,0.0,17,300,1.296668,0.986138,0.9900,0.09053289
coupled,0.5,17,0,1.184917,0.877350,0.8802,0.04044847
coupled,0.5,17,15,1.202947,0.990019,0.9900,0.02362344
coupled,0.5,17,30,0.584524,0.994462,0.9900,0.02297121
coupled,0.5,17,45,0.624726,0.993303,0.9900,0.02306752
coupled,0.5,17,60,0.432460,0.992017,0.9900,0.02318521
coupled,0.5,17,75,0.484284,0.991034,0.9900,0.02325042
coupled,0.5,17,90,0.368600,0.990266,0.9900,0.02331196
coupled,0.5,17,105,0.305374,0.989488,0.9900,0.02329985
coupled,0.5,17,120,0.518236,0.989002,0.9900,0.02335187
coupled,0.5,17,135,0.224355,0.988677,0.9900,0.02338352
coupled,0.5,17,150,0.579020,0.988568,0.9900,0.02343903
coupled,0.5,17,165,0.459821,0.988396,0.9900,0.02340925
coupled,0.5,17,180,0.370228,0.988349,0.9900,0.02340623
coupled,0.5,17,195,0.174666,0.988541,0.9900,0.02339708
coupled,0.5,17,210,0.288250,0.988374,0.9900,0.02340486
coupled,0.5,17,225,0.326222,0.988227,0.9900,0.02338003
coupled,0.5,17,240,0.218193,0.988382,0.9900,0.02342116
coupled,0.5,17,255,0.233695,0.988475,0.9900,0.02334798
coupled,0.5,17,270,0.402399,0.988643,0.9900,0.02338828
coupled,0.5,17,285,0.288760,0.988502,0.9900,0.02336910
coupled,0.5,17,300,0.281015,0.988576,0.9900,0.02330790
coupled,1.0,17,0,1.010408,0.883737,0.8802,0.01349623
coupled,1.0,17,15,1.140557,0.989894,0.9900,0.00006589
coupled,1.0,17,30,0.500193,0.994822,0.9900,0.00000859
coupled,1.0,17,45,0.541735,0.993850,0.9900,0.00001300
coupled,1.0,17,60,0.371358,0.992675,0.9900,0.00001920
coupled,1.0,17,75,0.424632,0.991765,0.9900,0.00002376
coupled,1.0,17,90,0.328543,0.991072,0.9900,0.00002942
coupled,1.0,17,105,0.231941,0.990329,0.9900,0.00003037
coupled,1.0,17,120,0.380105,0.989901,0.9900,0.00003387
coupled,1.0,17,135,0.194943,0.989544,0.9900,0.00003517
coupled,1.0,17,150,0.489478,0.989445,0.9900,0.00004055
coupled,1.0,17,165,0.373976,0.989300,0.9900,0.00003788
coupled,1.0,17,180,0.278170,0.989261,0.9900,0.00003725
coupled,1.0,17,195,0.176735,0.989402,0.9900,0.00003645
coupled,1.0,17,210,0.194757,0.989236,0.9900,0.00003734
coupled,1.0,17,225,0.230635,0.989145,0.9900,0.00003662
coupled,1.0,17,240,0.178581,0.989301,0.9900,0.00003981
coupled,1.0,17,255,0.142114,0.989341,0.9900,0.00003428
coupled,1.0,17,270,0.369608,0.989502,0.9900,0.00003588
coupled,1.0,17,285,0.216681,0.989371,0.9900,0.00003617
coupled,1.0,17,300,0.236639,0.989378,0.9900,0.00003137
coupled,-1.0,17,0,1.454933,0.871470,0.8802,0.06966833
coupled,-1.0,17,15,1.436299,0.988530,0.9900,0.04354398
coupled,-1.0,17,30,0.833243,0.993999,0.9900,0.04066179
coupled,-1.0,17,45,0.842745,0.992877,0.9900,0.04035728
coupled,-1.0,17,60,0.650689,0.991538,0.9900,0.04033744
coupled,-1.0,17,75,0.704875,0.990553,0.9900,0.03998598
coupled,-1.0,17,90,0.590045,0.989786,0.9900,0.04000781
coupled,-1.0,17,105,0.525858,0.988975,0.9900,0.03964470
coupled,-1.0,17,120,0.728564,0.988438,0.9900,0.03955704
coupled,-1.0,17,135,0.427204,0.988118,0.9900,0.03952047
coupled,-1.0,17,150,0.777079,0.987984,0.9900,0.03973605
coupled,-1.0,17,165,0.652208,0.987788,0.9900,0.03966448
coupled,-1.0,17,180,0.572482,0.987751,0.9900,0.03962750
coupled,-1.0,17,195,0.367179,0.987913,0.9900,0.03968353
coupled,-1.0,17,210,0.507656,0.987756,0.9900,0.03975389
coupled,-1.0,17,225,0.517503,0.987603,0.9900,0.03959175
coupled,-1.0,17,240,0.410384,0.987688,0.9900,0.03954399
coupled,-1.0,17,255,0.448020,0.987811,0.9900,0.03969715
coupled,-1.0,17,270,0.604441,0.988020,0.9900,0.03980046
coupled,-1.0,17,285,0.501590,0.987935,0.9900,0.03954624
coupled,-1.0,17,300,0.474867,0.988027,0.9900,0.03940526
coupled,0.0,18,0,2.903361,0.885356,0.8758,0.08893156
coupled,0.0,18,15,2.404186,0.988329,0.9900,0.08893156
coupled,0.0,18,30,1.360128,0.991606,0.9900,0.08893156
coupled,0.0,18,45,1.167452,0.990099,0.9900,0.08893156
coupled,0.0,18,60,0.933655,0.989037,0.9900,0.08893156
coupled,0.0,18,75,1.016476,0.988766,0.9900,0.08893156
coupled,0.0,18,90,1.069995,0.988264,0.9900,0.08893156
coupled,0.0,18,105,0.935299,0.987309,0.9900,0.08893156
coupled,0.0,18,120,0.843081,0.986591,0.9900,0.08893156
coupled,0.0,18,135,0.902824,0.985680,0.9900,0.08893156
coupled,0.0,18,150,0.826215,0.984693,0.9900,0.08893156
coupled,0.0,18,165,0.984782,0.983687,0.9900,0.08893156
coupled,0.0,18,180,0.864623,0.983439,0.9900,0.08893156
coupled,0.0,18,195,1.008494,0.982850,0.9900,0.08893156
coupled,0.0,18,210,0.908806,0.982659,0.9900,0.08893156
coupled,0.0,18,225,0.927539,0.982277,0.9900,0.08893156
coupled,0.0,18,240,0.823616,0.982444,0.9900,0.08893156
coupled,0.0,18,255,0.915156,0.982353,0.9900,0.08893156
coupled,0.0,18,270,0.913450,0.982220,0.9900,0.08893156
coupled,0.0,18,285,0.891317,0.982143,0.9900,0.08893156
coupled,0.0,18,300,0.836597,0.982586,0.9900,0.08893156
coupled,0.5,18,0,2.158659,0.898189,0.8758,0.03669201
coupled,0.5,18,15,1.496851,0.989489,0.9900,0.02266516
coupled,0.5,18,30,0.705636,0.992318,0.9900,0.02239868
coupled,0.5,18,45,0.517372,0.990973,0.9900,0.02246137
coupled,0.5,18,60,0.341786,0.990091,0.9900,0.02248713
coupled,0.5,18,75,0.405962,0.989678,0.9900,0.02250594
coupled,0.5,18,90,0.443142,0.989154,0.9900,0.02248176
coupled,0.5,18,105,0.286414,0.988310,0.9900,0.02253921
coupled,0.5,18,120,0.232199,0.987552,0.9900,0.02251831
coupled,0.5,18,135,0.280323,0.986799,0.9900,0.02259203
coupled,0.5,18,150,0.248463,0.985905,0.9900,0.02262132
coupled,0.5,18,165,0.378797,0.984986,0.9900,0.02263991
coupled,0.5,18,180,0.296553,0.984739,0.9900,0.02260532
coupled,0.5,18,195,0.398862,0.984185,0.9900,0.02267682
coupled,0.5,18,210,0.359626,0.984072,0.9900,0.02268451
coupled,0.5,18,225,0.323175,0.983710,0.9900,0.02267057
coupled,0.5,18,240,0.268402,0.983841,0.9900,0.02266050
coupled,0.5,18,255,0.323411,0.983826,0.9900,0.02265053
coupled,0.5,18,270,0.285853,0.983772,0.9900,0.02260708
coupled,0.5,18,285,0.306166,0.983551,0.9900,0.02267783
coupled,0.5,18,300,0.216948,0.983982,0.9900,0.02265496
coupled,1.0,18,0,1.998708,0.905192,0.8758,0.00919437
coupled,1.0,18,15,1.400863,0.989728,0.9900,0.00002143
coupled,1.0,18,30,0.748749,0.992539,0.9900,0.00000896
coupled,1.0,18,45,0.550417,0.991249,0.9900,0.00001082
coupled,1.0,18,60,0.362684,0.990416,0.9900,0.00001488
coupled,1.0,18,75,0.443008,0.989926,0.9900,0.00001531
coupled,1.0,18,90,0.497413,0.989385,0.9900,0.00001607
coupled,1.0,18,105,0.325586,0.988583,0.9900,0.00002058
coupled,1.0,18,120,0.289281,0.987812,0.9900,0.00002182
coupled,1.0,18,135,0.303430,0.987118,0.9900,0.00002705
coupled,1.0,18,150,0.276794,0.986277,0.9900,0.00003036
coupled,1.0,18,165,0.378197,0.985413,0.9900,0.00003353
coupled,1.0,18,180,0.310277,0.985195,0.9900,0.00003089
coupled,1.0,18,195,0.390746,0.984677,0.9900,0.00003813
coupled,1.0,18,210,0.367341,0.984622,0.9900,0.00003713
coupled,1.0,18,225,0.370530,0.984274,0.9900,0.00003567
coupled,1.0,18,240,0.298474,0.984395,0.9900,0.00004074
coupled,1.0,18,255,0.332483,0.984415,0.9900,0.00003618
coupled,1.0,18,270,0.299973,0.984400,0.9900,0.00003483
coupled,1.0,18,285,0.302984,0.984113,0.9900,0.00003815
coupled,1.0,18,300,0.263470,0.984547,0.9900,0.00003854
coupled,-1.0,18,0,2.388353,0.890826,0.8758,0.06180849
coupled,-1.0,18,15,1.736245,0.988649,0.9900,0.04445794
coupled,-1.0,18,30,0.834048,0.991971,0.9900,0.04147019
coupled,-1.0,18,45,0.654099,0.990569,0.9900,0.04079472
coupled,-1.0,18,60,0.464637,0.989605,0.9900,0.04065922
coupled,-1.0,18,75,0.550908,0.989179,0.9900,0.04028227
coupled,-1.0,18,90,0.570278,0.988644,0.9900,0.04018152
coupled,-1.0,18,105,0.417313,0.987769,0.9900,0.03998847
coupled,-1.0,18,120,0.330383,0.987012,0.9900,0.03974951
coupled,-1.0,18,135,0.393713,0.986217,0.9900,0.03977185
coupled,-1.0,18,150,0.339867,0.985287,0.9900,0.03970306
coupled,-1.0,18,165,0.495048,0.984406,0.9900,0.03969184
coupled,-1.0,18,180,0.377086,0.984214,0.9900,0.03952722
coupled,-1.0,18,195,0.501463,0.983698,0.9900,0.03935473
coupled,-1.0,18,210,0.445730,0.983598,0.9900,0.03953799
coupled,-1.0,18,225,0.430297,0.983243,0.9900,0.03933116
coupled,-1.0,18,240,0.366224,0.983413,0.9900,0.03930198
coupled,-1.0,18,255,0.425906,0.983383,0.9900,0.03942007
coupled,-1.0,18,270,0.408614,0.983314,0.9900,0.03929833
coupled,-1.0,18,285,0.408793,0.983116,0.9900,0.03936277
coupled,-1.0,18,300,0.326145,0.983551,0.9900,0.03955814
coupled,0.0,19,0,3.181209,0.884747,1.0003,0.09106489
coupled,0.0,19,15,1.740623,0.984614,0.9900,0.09106489
coupled,0.0,19,30,1.506098,0.984101,0.9900,0.09106489
coupled,0.0,19,45,1.390641,0.983437,0.9900,0.09106489
coupled,0.0,19,60,1.228479,0.983084,0.9900,0.09106489
coupled,0.0,19,75,1.449936,0.982782,0.9900,0.09106489
coupled,0.0,19,90,1.285026,0.982554,0.9900,0.09106489
coupled,0.0,19,105,1.395080,0.982642,0.9900,0.09106489
coupled,0.0,19,120,1.381434,0.982797,0.9900,0.09106489
coupled,0.0,19,135,1.369564,0.982695,0.9900,0.09106489
coupled,0.0,19,150,1.228324,0.982147,0.9900,0.09106489
coupled,0.0,19,165,1.304054,0.982841,0.9900,0.09106489
coupled,0.0,19,180,1.253559,0.982553,0.9900,0.09106489
coupled,0.0,19,195,1.298379,0.982764,0.9900,0.09106489
coupled,0.0,19,210,1.284951,0.982686,0.9900,0.09106489
coupled,0.0,19,225,1.189255,0.982762,0.9900,0.09106489
coupled,0.0,19,240,1.327617,0.982495,0.9900,0.09106489
coupled,0.0,19,255,1.323213,0.982548,0.9900,0.09106489
coupled,0.0,19,270,1.310412,0.982716,0.9900,0.09106489
coupled,0.0,19,285,1.324781,0.982459,0.9900,0.09106489
coupled,0.0,19,300,1.223196,0.982775,0.9900,0.09106489
coupled,0.5,19,0,2.241327,0.898295,1.0003,0.03560180
coupled,0.5,19,15,0.741996,0.986653,0.9900,0.02320467
coupled,0.5,19,30,0.538681,0.986017,0.9900,0.02320542
coupled,0.5,19,45,0.511697,0.985468,0.9900,0.02323566
coupled,0.5,19,60,0.333862,0.985229,0.9900,0.02323388
coupled,0.5,19,75,0.615145,0.984942,0.9900,0.02329755
coupled,0.5,19,90,0.367621,0.984709,0.9900,0.02325388
coupled,0.5,19,105,0.488850,0.984771,0.9900,0.02324321
coupled,0.5,19,120,0.494763,0.984990,0.9900,0.02330523
coupled,0.5,19,135,0.469330,0.984872,0.9900,0.02326895
coupled,0.5,19,150,0.318061,0.984477,0.9900,0.02331745
coupled,0.5,19,165,0.381338,0.984908,0.9900,0.02322359
coupled,0.5,19,180,0.426593,0.984674,0.9900,0.02327260
coupled,0.5,19,195,0.394005,0.984926,0.9900,0.02326829
coupled,0.5,19,210,0.407943,0.984911,0.9900,0.02331562
coupled,0.5,19,225,0.347063,0.984901,0.9900,0.02322456
coupled,0.5,19,240,0.428237,0.984747,0.9900,0.02329735
coupled,0.5,19,255,0.447789,0.984750,0.9900,0.02324966
coupled,0.5,19,270,0.420227,0.984883,0.9900,0.02325667
coupled,0.5,19,285,0.402605,0.984706,0.9900,0.02326213
coupled,0.5,19,300,0.372524,0.984912,0.9900,0.02324541
coupled,1.0,19,0,1.549675,0.909214,1.0003,0.00626283
coupled,1.0,19,15,0.696182,0.987375,0.9900,0.00001764
coupled,1.0,19,30,0.509155,0.986774,0.9900,0.00001941
coupled,1.0,19,45,0.493610,0.986268,0.9900,0.00002048
coupled,1.0,19,60,0.329758,0.986060,0.9900,0.00002064
coupled,1.0,19,75,0.576069,0.985779,0.9900,0.00002289
coupled,1.0,19,90,0.335030,0.985539,0.9900,0.00002306
coupled,1.0,19,105,0.468516,0.985597,0.9900,0.00002258
coupled,1.0,19,120,0.466801,0.985833,0.9900,0.00002441
coupled,1.0,19,135,0.468215,0.985717,0.9900,0.00002376
coupled,1.0,19,150,0.309607,0.985378,0.9900,0.00002622
coupled,1.0,19,165,0.398460,0.985711,0.9900,0.00002204
coupled,1.0,19,180,0.379873,0.985503,0.9900,0.00002392
coupled,1.0,19,195,0.393414,0.985770,0.9900,0.00002333
coupled,1.0,19,210,0.361224,0.985773,0.9900,0.00002419
coupled,1.0,19,225,0.374053,0.985730,0.9900,0.00002108
coupled,1.0,19,240,0.431026,0.985614,0.9900,0.00002359
coupled,1.0,19,255,0.433066,0.985599,0.9900,0.00002222
coupled,1.0,19,270,0.417070,0.985725,0.9900,0.00002272
coupled,1.0,19,285,0.407791,0.985577,0.9900,0.00002375
coupled,1.0,19,300,0.362636,0.985745,0.9900,0.00002146
coupled,-1.0,19,0,2.654089,0.890489,1.0003,0.06248653
coupled,-1.0,19,15,0.997230,0.986097,0.9900,0.04252054
coupled,-1.0,19,30,0.790188,0.985519,0.9900,0.04159007
coupled,-1.0,19,45,0.704408,0.984967,0.9900,0.04080691
coupled,-1.0,19,60,0.517724,0.984728,0.9900,0.04037665
coupled,-1.0,19,75,0.768327,0.984419,0.9900,0.04048672
coupled,-1.0,19,90,0.553987,0.984185,0.9900,0.04042604
coupled,-1.0,19,105,0.665292,0.984236,0.9900,0.04055150
coupled,-1.0,19,120,0.662680,0.984457,0.9900,0.04063090
coupled,-1.0,19,135,0.658504,0.984314,0.9900,0.04051306
coupled,-1.0,19,150,0.492884,0.983878,0.9900,0.04060186
coupled,-1.0,19,165,0.570738,0.984390,0.9900,0.04057480
coupled,-1.0,19,180,0.586135,0.984149,0.9900,0.04032105
coupled,-1.0,19,195,0.580525,0.984396,0.9900,0.04038400
coupled,-1.0,19,210,0.599224,0.984365,0.9900,0.04059577
coupled,-1.0,19,225,0.516494,0.984363,0.9900,0.04042093
coupled,-1.0,19,240,0.601158,0.984186,0.9900,0.04062424
coupled,-1.0,19,255,0.622073,0.984228,0.9900,0.04044864
coupled,-1.0,19,270,0.597169,0.984337,0.9900,0.04060355
coupled,-1.0,19,285,0.582799,0.984158,0.9900,0.04050739
coupled,-1.0,19,300,0.541740,0.984386,0.9900,0.04064902
