d,defect_length,seed,detection_time,alpha_min_reached,recovery_time,sentinel_payoff,tft_payoff
5,10,0,0,0.050000,43,3155.5107,3011.0000
5,50,0,1,0.050000,51,3192.1311,3051.0000
5,100,0,1,0.050000,52,3239.7790,3101.0000
5,200,0,1,0.050000,51,3334.3435,3201.0000
5,500,0,0,0.050000,79,3618.2348,3501.0000
5,10,1,1,0.050000,34,3022.3302,3011.0000
5,50,1,1,0.050000,92,3062.6897,3051.0000
5,100,1,1,0.050000,114,3111.8768,3101.0000
5,200,1,1,0.050000,0,3211.8937,3201.0000
5,500,1,1,0.050000,0,3510.7333,3501.0000
5,10,2,1,0.050000,33,3040.2478,3011.0000
5,50,2,1,0.050000,48,3081.0384,3051.0000
5,100,2,1,0.050000,58,3130.2991,3101.0000
5,200,2,1,0.050000,69,3226.4359,3201.0000
5,500,2,1,0.050000,73,3517.9088,3501.0000
5,10,3,1,0.050000,33,3010.8818,3011.0000
5,50,3,1,0.050000,33,3049.0036,3051.0000
5,100,3,1,0.050000,33,3096.4554,3101.0000
5,200,3,1,0.050000,34,3191.6363,3201.0000
5,500,3,1,0.050000,34,3477.1562,3501.0000
5,10,4,1,0.050000,36,3095.8356,3011.0000
5,50,4,1,0.050000,53,3132.9723,3051.0000
5,100,4,1,0.050000,80,3179.9153,3101.0000
5,200,4,1,0.050000,87,3281.0607,3201.0000
5,500,4,1,0.050000,80,3565.9199,3501.0000
5,10,5,1,0.050000,42,3074.8348,3011.0000
5,50,5,1,0.050000,110,3113.2371,3051.0000
5,100,5,1,0.050000,128,3161.5715,3101.0000
5,200,5,1,0.050000,0,3263.8559,3201.0000
5,500,5,1,0.050000,0,3560.3350,3501.0000
5,10,6,1,0.050000,35,3025.0258,3011.0000
5,50,6,1,0.050000,48,3063.7791,3051.0000
5,100,6,1,0.050000,104,3113.1656,3101.0000
5,200,6,1,0.050000,113,3211.5044,3201.0000
5,500,6,1,0.050000,93,3504.3394,3501.0000
5,10,7,0,0.050000,500,3139.2551,3011.0000
5,50,7,0,0.050000,500,3174.9247,3051.0000
5,100,7,0,0.050000,500,3226.7479,3101.0000
5,200,7,0,0.050000,500,3311.3271,3201.0000
5,500,7,0,0.050000,500,3610.1362,3501.0000
5,10,8,1,0.050000,33,3025.9432,3011.0000
5,50,8,1,0.050000,33,3064.0169,3051.0000
5,100,8,1,0.050000,33,3111.5263,3101.0000
5,200,8,1,0.050000,34,3206.9959,3201.0000
5,500,8,1,0.050000,34,3492.1341,3501.0000
5,10,9,1,0.050000,35,3026.5756,3011.0000
5,50,9,1,0.050000,99,3066.7723,3051.0000
5,100,9,1,0.050000,122,3115.0173,3101.0000
5,200,9,1,0.050000,0,3216.6415,3201.0000
5,500,9,1,0.050000,0,3515.0886,3501.0000
5,10,10,1,0.050000,34,3044.6664,3011.0000
5,50,10,1,0.050000,39,3084.9968,3051.0000
5,100,10,1,0.050000,48,3132.1794,3101.0000
5,200,10,1,0.050000,61,3227.0908,3201.0000
5,500,10,1,0.050000,70,3515.2688,3501.0000
5,10,11,1,0.050000,34,3027.0957,3011.0000
5,50,11,1,0.050000,53,3065.4548,3051.0000
5,100,11,1,0.050000,89,3114.2721,3101.0000
5,200,11,1,0.050000,90,3212.3625,3201.0000
5,500,11,1,0.050000,97,3507.1755,3501.0000
5,10,12,1,0.050000,33,3071.4008,3011.0000
5,50,12,1,0.050000,35,3112.0697,3051.0000
5,100,12,1,0.050000,39,3158.3358,3101.0000
5,200,12,1,0.050000,40,3256.7313,3201.0000
5,500,12,1,0.050000,38,3542.1641,3501.0000
5,10,13,0,0.050000,500,3138.4704,3011.0000
5,50,13,0,0.050000,500,3174.4274,3051.0000
5,100,13,0,0.050000,500,3215.9079,3101.0000
5,200,13,0,0.050000,500,3312.2128,3201.0000
5,500,13,0,0.050000,302,3605.5242,3501.0000
5,10,14,1,0.050000,33,3031.4011,3011.0000
5,50,14,1,0.050000,34,3068.6634,3051.0000
5,100,14,1,0.050000,41,3116.8658,3101.0000
5,200,14,1,0.050000,50,3212.2101,3201.0000
5,500,14,1,0.050000,58,3501.7698,3501.0000
5,10,15,1,0.050000,39,3134.6162,3011.0000
5,50,15,1,0.050000,44,3166.8283,3051.0000
5,100,15,1,0.050000,60,3217.3237,3101.0000
5,200,15,1,0.050000,62,3311.7132,3201.0000
5,500,15,1,0.050000,67,3602.8536,3501.0000
5,10,16,0,0.050000,42,3137.6583,3011.0000
5,50,16,0,0.050000,72,3177.4008,3051.0000
5,100,16,1,0.050000,81,3219.1151,3101.0000
5,200,16,1,0.050000,86,3316.8659,3201.0000
5,500,16,1,0.050000,103,3609.4907,3501.0000
5,10,17,1,0.050000,34,3009.3858,3011.0000
5,50,17,1,0.050000,43,3047.7945,3051.0000
5,100,17,1,0.050000,53,3095.7210,3101.0000
5,200,17,1,0.050000,63,3192.3645,3201.0000
5,500,17,1,0.050000,60,3480.7478,3501.0000
5,10,18,1,0.050000,34,3055.9542,3011.0000
5,50,18,1,0.050000,35,3093.6688,3051.0000
5,100,18,1,0.050000,36,3142.9272,3101.0000
5,200,18,1,0.050000,38,3239.4461,3201.0000
5,500,18,1,0.050000,43,3524.8246,3501.0000
5,10,19,1,0.050000,47,3176.5071,3011.0000
5,50,19,1,0.050000,127,3208.9237,3051.0000
5,100,19,1,0.050000,150,3254.7953,3101.0000
5,200,19,0,0.050000,149,3349.4463,3201.0000
5,500,19,1,0.050000,0,3633.8731,3501.0000
10,10,0,0,0.050000,62,3192.4844,3011.0000
10,50,0,0,0.050000,113,3223.7059,3051.0000
10,100,0,1,0.050000,153,3268.6475,3101.0000
10,200,0,0,0.050000,185,3366.8692,3201.0000
10,500,0,1,0.050000,145,3662.6202,3501.0000
10,10,1,1,0.050000,34,3041.2809,3011.0000
10,50,1,1,0.050000,64,3079.5924,3051.0000
10,100,1,1,0.050000,88,3128.0210,3101.0000
10,200,1,1,0.050000,82,3224.7794,3201.0000
10,500,1,1,0.050000,85,3519.9916,3501.0000
10,10,2,1,0.050000,34,3060.6227,3011.0000
10,50,2,1,0.050000,53,3098.2492,3051.0000
10,100,2,1,0.050000,75,3145.8961,3101.0000
10,200,2,1,0.050000,84,3242.0907,3201.0000
10,500,2,1,0.050000,85,3534.8636,3501.0000
10,10,3,1,0.050000,41,3109.3352,3011.0000
10,50,3,1,0.050000,46,3144.6543,3051.0000
10,100,3,1,0.050000,65,3192.2261,3101.0000
10,200,3,1,0.050000,77,3285.4571,3201.0000
10,500,3,1,0.050000,68,3580.6179,3501.0000
10,10,4,1,0.050000,33,3052.6932,3011.0000
10,50,4,1,0.050000,50,3088.8877,3051.0000
10,100,4,1,0.050000,70,3136.0744,3101.0000
10,200,4,1,0.050000,67,3232.8621,3201.0000
10,500,4,1,0.050000,79,3524.6250,3501.0000
10,10,5,1,0.050000,33,3018.6217,3011.0000
10,50,5,1,0.050000,34,3056.7211,3051.0000
10,100,5,1,0.050000,39,3104.8909,3101.0000
10,200,5,1,0.050000,42,3200.2964,3201.0000
10,500,5,1,0.050000,43,3486.3733,3501.0000
10,10,6,1,0.050000,34,3098.0864,3011.0000
10,50,6,1,0.050000,72,3133.0303,3051.0000
10,100,6,1,0.050000,96,3181.6954,3101.0000
10,200,6,1,0.050000,98,3276.5404,3201.0000
10,500,6,1,0.050000,101,3572.1363,3501.0000
10,10,7,1,0.050000,33,3047.4712,3011.0000
10,50,7,1,0.050000,59,3085.2867,3051.0000
10,100,7,1,0.050000,75,3133.9641,3101.0000
10,200,7,1,0.050000,75,3231.3194,3201.0000
10,500,7,1,0.050000,77,3522.9077,3501.0000
10,10,8,1,0.050000,33,3014.8653,3011.0000
10,50,8,1,0.050000,33,3052.9396,3051.0000
10,100,8,1,0.050000,33,3100.9635,3101.0000
10,200,8,1,0.050000,34,3196.0914,3201.0000
10,500,8,1,0.050000,34,3482.4823,3501.0000
10,10,9,1,0.050000,54,3168.8497,3011.0000
10,50,9,1,0.050000,101,3204.7708,3051.0000
10,100,9,0,0.050000,126,3250.8560,3101.0000
10,200,9,1,0.050000,133,3341.8645,3201.0000
10,500,9,0,0.050000,125,3638.3075,3501.0000
10,10,10,1,0.050000,34,3014.7074,3011.0000
10,50,10,1,0.050000,90,3054.4667,3051.0000
10,100,10,1,0.050000,113,3104.4463,3101.0000
10,200,10,1,0.050000,0,3205.4093,3201.0000
10,500,10,1,0.050000,111,3493.8572,3501.0000
10,10,11,1,0.050000,37,3021.7389,3011.0000
10,50,11,1,0.050000,107,3061.7192,3051.0000
10,100,11,1,0.050000,120,3111.0878,3101.0000
10,200,11,1,0.050000,0,3212.8595,3201.0000
10,500,11,1,0.050000,0,3511.9510,3501.0000
10,10,12,1,0.050000,34,3033.8887,3011.0000
10,50,12,1,0.050000,38,3071.6731,3051.0000
10,100,12,1,0.050000,41,3120.6840,3101.0000
10,200,12,1,0.050000,44,3218.3140,3201.0000
10,500,12,1,0.050000,48,3506.0989,3501.0000
10,10,13,1,0.050000,37,3163.3707,3011.0000
10,50,13,1,0.050000,120,3193.7030,3051.0000
10,100,13,1,0.050000,138,3239.4743,3101.0000
10,200,13,1,0.050000,145,3332.7437,3201.0000
10,500,13,1,0.050000,139,3613.9904,3501.0000
10,10,14,0,0.050000,233,3214.8433,3011.0000
10,50,14,0,0.050000,170,3242.0364,3051.0000
10,100,14,0,0.050000,229,3289.2954,3101.0000
10,200,14,0,0.050000,175,3385.4332,3201.0000
10,500,14,0,0.050000,334,3680.1868,3501.0000
10,10,15,1,0.050000,34,3065.8990,3011.0000
10,50,15,1,0.050000,91,3101.8249,3051.0000
10,100,15,1,0.050000,113,3149.3816,3101.0000
10,200,15,1,0.050000,113,3244.5427,3201.0000
10,500,15,1,0.050000,113,3534.0945,3501.0000
10,10,16,0,0.050000,500,3184.2967,3011.0000
10,50,16,0,0.050000,500,3207.6441,3051.0000
10,100,16,0,0.050000,500,3259.2971,3101.0000
10,200,16,0,0.050000,500,3358.2904,3201.0000
10,500,16,0,0.050000,500,3642.9233,3501.0000
10,10,17,1,0.050000,35,3129.0716,3011.0000
10,50,17,1,0.050000,66,3165.0872,3051.0000
10,100,17,1,0.050000,85,3210.7445,3101.0000
10,200,17,0,0.050000,90,3310.8850,3201.0000
10,500,17,1,0.050000,94,3604.5142,3501.0000
10,10,18,1,0.050000,33,3014.2451,3011.0000
10,50,18,1,0.050000,33,3052.0658,3051.0000
10,100,18,1,0.050000,34,3099.9475,3101.0000
10,200,18,1,0.050000,34,3195.2206,3201.0000
10,500,18,1,0.050000,34,3480.3243,3501.0000
10,10,19,1,0.050000,33,3016.1932,3011.0000
10,50,19,1,0.050000,41,3054.6376,3051.0000
10,100,19,1,0.050000,61,3102.9947,3101.0000
10,200,19,1,0.050000,64,3199.6473,3201.0000
10,500,19,1,0.050000,66,3489.1179,3501.0000
20,10,0,1,0.050000,33,3019.6873,3011.0000
20,50,0,1,0.050000,33,3057.8342,3051.0000
20,100,0,1,0.050000,33,3105.4217,3101.0000
20,200,0,1,0.050000,33,3200.8539,3201.0000
20,500,0,1,0.050000,33,3486.5649,3501.0000
20,10,1,1,0.050000,36,3111.0298,3011.0000
20,50,1,1,0.050000,45,3146.4570,3051.0000
20,100,1,1,0.050000,65,3193.7194,3101.0000
20,200,1,1,0.050000,63,3291.9501,3201.0000
20,500,1,1,0.050000,61,3581.5033,3501.0000
20,10,2,1,0.050000,33,3040.2053,3011.0000
20,50,2,1,0.050000,34,3078.4757,3051.0000
20,100,2,1,0.050000,43,3126.9174,3101.0000
20,200,2,1,0.050000,52,3222.6101,3201.0000
20,500,2,1,0.050000,49,3510.2693,3501.0000
20,10,3,1,0.050000,34,3079.5954,3011.0000
20,50,3,1,0.050000,55,3117.0671,3051.0000
20,100,3,1,0.050000,74,3166.4936,3101.0000
20,200,3,1,0.050000,76,3262.7314,3201.0000
20,500,3,1,0.050000,83,3554.9977,3501.0000
20,10,4,1,0.050000,35,3101.9440,3011.0000
20,50,4,1,0.050000,43,3139.4216,3051.0000
20,100,4,1,0.050000,59,3187.9618,3101.0000
20,200,4,1,0.050000,67,3281.6972,3201.0000
20,500,4,1,0.050000,63,3573.2452,3501.0000
20,10,5,1,0.050000,33,3016.2433,3011.0000
20,50,5,1,0.050000,33,3054.4862,3051.0000
20,100,5,1,0.050000,34,3102.5261,3101.0000
20,200,5,1,0.050000,35,3198.2453,3201.0000
20,500,5,1,0.050000,35,3484.7950,3501.0000
20,10,6,1,0.050000,33,3073.9008,3011.0000
20,50,6,1,0.050000,36,3112.4195,3051.0000
20,100,6,1,0.050000,48,3160.7499,3101.0000
20,200,6,1,0.050000,53,3255.0490,3201.0000
20,500,6,1,0.050000,55,3544.7409,3501.0000
20,10,7,1,0.050000,33,3027.6139,3011.0000
20,50,7,1,0.050000,33,3065.1216,3051.0000
20,100,7,1,0.050000,39,3113.4984,3101.0000
20,200,7,1,0.050000,45,3209.3407,3201.0000
20,500,7,1,0.050000,45,3496.8203,3501.0000
20,10,8,1,0.050000,33,3035.3368,3011.0000
20,50,8,1,0.050000,33,3074.1234,3051.0000
20,100,8,1,0.050000,36,3121.7987,3101.0000
20,200,8,1,0.050000,38,3218.3852,3201.0000
20,500,8,1,0.050000,43,3504.8383,3501.0000
20,10,9,1,0.050000,33,3052.8576,3011.0000
20,50,9,1,0.050000,38,3091.2472,3051.0000
20,100,9,1,0.050000,57,3138.9719,3101.0000
20,200,9,1,0.050000,64,3234.8606,3201.0000
20,500,9,1,0.050000,63,3524.0626,3501.0000
20,10,10,1,0.050000,33,3014.6713,3011.0000
20,50,10,1,0.050000,33,3053.1614,3051.0000
20,100,10,1,0.050000,35,3100.7986,3101.0000
20,200,10,1,0.050000,38,3196.4053,3201.0000
20,500,10,1,0.050000,42,3483.3878,3501.0000
20,10,11,1,0.050000,34,3084.4073,3011.0000
20,50,11,1,0.050000,62,3118.8285,3051.0000
20,100,11,1,0.050000,73,3168.6967,3101.0000
20,200,11,1,0.050000,83,3264.4326,3201.0000
20,500,11,1,0.050000,80,3556.8777,3501.0000
20,10,12,1,0.050000,34,3081.6328,3011.0000
20,50,12,1,0.050000,61,3119.2161,3051.0000
20,100,12,1,0.050000,78,3167.5783,3101.0000
20,200,12,1,0.050000,87,3263.1299,3201.0000
20,500,12,1,0.050000,89,3555.6875,3501.0000
20,10,13,1,0.050000,33,3060.1515,3011.0000
20,50,13,1,0.050000,49,3098.3778,3051.0000
20,100,13,1,0.050000,68,3145.9704,3101.0000
20,200,13,1,0.050000,80,3243.4723,3201.0000
20,500,13,1,0.050000,77,3534.3245,3501.0000
20,10,14,1,0.050000,33,3021.7229,3011.0000
20,50,14,1,0.050000,62,3060.3474,3051.0000
20,100,14,1,0.050000,74,3108.8783,3101.0000
20,200,14,1,0.050000,86,3207.0114,3201.0000
20,500,14,1,0.050000,83,3499.2847,3501.0000
20,10,15,1,0.050000,33,3016.2503,3011.0000
20,50,15,1,0.050000,37,3054.5362,3051.0000
20,100,15,1,0.050000,43,3102.5635,3101.0000
20,200,15,1,0.050000,45,3198.3027,3201.0000
20,500,15,1,0.050000,48,3485.8304,3501.0000
20,10,16,1,0.050000,33,3018.0113,3011.0000
20,50,16,1,0.050000,33,3055.6634,3051.0000
20,100,16,1,0.050000,33,3103.6202,3101.0000
20,200,16,1,0.050000,33,3198.5332,3201.0000
20,500,16,1,0.050000,33,3484.0513,3501.0000
20,10,17,1,0.050000,33,3034.4672,3011.0000
20,50,17,1,0.050000,33,3072.6973,3051.0000
20,100,17,1,0.050000,39,3121.1659,3101.0000
20,200,17,1,0.050000,44,3215.7804,3201.0000
20,500,17,1,0.050000,43,3503.3118,3501.0000
20,10,18,1,0.050000,34,3049.2581,3011.0000
20,50,18,1,0.050000,51,3087.9676,3051.0000
20,100,18,1,0.050000,73,3136.4381,3101.0000
20,200,18,1,0.050000,75,3232.4963,3201.0000
20,500,18,1,0.050000,76,3524.1137,3501.0000
20,10,19,0,0.050000,500,3057.3997,3011.0000
20,50,19,0,0.050000,500,3095.8412,3051.0000
20,100,19,0,0.050000,500,3144.4261,3101.0000
20,200,19,0,0.050000,500,3240.7876,3201.0000
20,500,19,0,0.050000,500,3533.7166,3501.0000
30,10,0,1,0.050000,34,3032.5106,3011.0000
30,50,0,1,0.050000,43,3070.8864,3051.0000
30,100,0,1,0.050000,64,3118.8407,3101.0000
30,200,0,1,0.050000,72,3215.3389,3201.0000
30,500,0,1,0.050000,67,3505.8368,3501.0000
30,10,1,1,0.050000,34,3029.6870,3011.0000
30,50,1,1,0.050000,35,3067.9870,3051.0000
30,100,1,1,0.050000,47,3115.9505,3101.0000
30,200,1,1,0.050000,53,3211.6709,3201.0000
30,500,1,1,0.050000,53,3499.2009,3501.0000
30,10,2,1,0.050000,34,3025.1084,3011.0000
30,50,2,1,0.050000,33,3063.7053,3051.0000
30,100,2,1,0.050000,37,3111.5938,3101.0000
30,200,2,1,0.050000,40,3206.9477,3201.0000
30,500,2,1,0.050000,45,3493.8918,3501.0000
30,10,3,1,0.050000,33,3075.6177,3011.0000
30,50,3,1,0.050000,39,3113.3069,3051.0000
30,100,3,1,0.050000,53,3162.5785,3101.0000
30,200,3,1,0.050000,54,3258.2522,3201.0000
30,500,3,1,0.050000,59,3547.7625,3501.0000
30,10,4,1,0.050000,33,3030.3123,3011.0000
30,50,4,1,0.050000,33,3068.2358,3051.0000
30,100,4,1,0.050000,35,3116.6299,3101.0000
30,200,4,1,0.050000,39,3212.0212,3201.0000
30,500,4,1,0.050000,39,3498.8242,3501.0000
30,10,5,1,0.050000,33,3026.7061,3011.0000
30,50,5,1,0.050000,35,3065.0755,3051.0000
30,100,5,1,0.050000,44,3112.8905,3101.0000
30,200,5,1,0.050000,50,3208.6252,3201.0000
30,500,5,1,0.050000,52,3496.6567,3501.0000
30,10,6,1,0.050000,34,3046.5750,3011.0000
30,50,6,1,0.050000,39,3084.6725,3051.0000
30,100,6,1,0.050000,58,3132.1488,3101.0000
30,200,6,1,0.050000,64,3228.7345,3201.0000
30,500,6,1,0.050000,65,3517.2998,3501.0000
30,10,7,1,0.050000,34,3149.2920,3011.0000
30,50,7,1,0.050000,72,3185.4245,3051.0000
30,100,7,1,0.050000,86,3232.0607,3101.0000
30,200,7,1,0.050000,91,3329.2301,3201.0000
30,500,7,1,0.050000,94,3618.8513,3501.0000
30,10,8,1,0.050000,33,3060.1290,3011.0000
30,50,8,1,0.050000,44,3097.5369,3051.0000
30,100,8,1,0.050000,57,3144.7133,3101.0000
30,200,8,1,0.050000,60,3240.3951,3201.0000
30,500,8,1,0.050000,60,3530.0633,3501.0000
30,10,9,1,0.050000,34,3021.5882,3011.0000
30,50,9,1,0.050000,37,3060.3947,3051.0000
30,100,9,1,0.050000,50,3107.8165,3101.0000
30,200,9,1,0.050000,55,3204.3596,3201.0000
30,500,9,1,0.050000,58,3492.3566,3501.0000
30,10,10,1,0.050000,33,3034.6771,3011.0000
30,50,10,1,0.050000,39,3072.9870,3051.0000
30,100,10,1,0.050000,49,3121.0924,3101.0000
30,200,10,1,0.050000,51,3217.2461,3201.0000
30,500,10,1,0.050000,62,3506.5518,3501.0000
30,10,11,1,0.050000,34,3058.4240,3011.0000
30,50,11,1,0.050000,34,3097.7505,3051.0000
30,100,11,1,0.050000,42,3144.1750,3101.0000
30,200,11,1,0.050000,47,3241.1015,3201.0000
30,500,11,1,0.050000,48,3528.1719,3501.0000
30,10,12,1,0.050000,34,3053.7926,3011.0000
30,50,12,1,0.050000,69,3092.6809,3051.0000
30,100,12,1,0.050000,87,3140.3716,3101.0000
30,200,12,1,0.050000,93,3237.6327,3201.0000
30,500,12,1,0.050000,96,3531.5547,3501.0000
30,10,13,1,0.050000,33,3016.7282,3011.0000
30,50,13,1,0.050000,35,3055.0152,3051.0000
30,100,13,1,0.050000,46,3102.9067,3101.0000
30,200,13,1,0.050000,51,3199.1819,3201.0000
30,500,13,1,0.050000,56,3487.0449,3501.0000
30,10,14,1,0.050000,34,3025.9115,3011.0000
30,50,14,1,0.050000,62,3064.4672,3051.0000
30,100,14,1,0.050000,80,3112.8312,3101.0000
30,200,14,1,0.050000,83,3210.5011,3201.0000
30,500,14,1,0.050000,88,3503.2753,3501.0000
30,10,15,1,0.050000,34,3039.5026,3011.0000
30,50,15,1,0.050000,37,3078.1370,3051.0000
30,100,15,1,0.050000,49,3126.1777,3101.0000
30,200,15,1,0.050000,56,3221.8794,3201.0000
30,500,15,1,0.050000,58,3511.2373,3501.0000
30,10,16,1,0.050000,33,3054.6833,3011.0000
30,50,16,1,0.050000,41,3092.4901,3051.0000
30,100,16,1,0.050000,54,3140.7464,3101.0000
30,200,16,1,0.050000,57,3236.4663,3201.0000
30,500,16,1,0.050000,61,3525.0079,3501.0000
30,10,17,1,0.050000,34,3086.0772,3011.0000
30,50,17,1,0.050000,38,3124.0879,3051.0000
30,100,17,1,0.050000,45,3171.8876,3101.0000
30,200,17,1,0.050000,50,3269.0025,3201.0000
30,500,17,1,0.050000,51,3557.4745,3501.0000
30,10,18,1,0.050000,33,3040.8175,3011.0000
30,50,18,1,0.050000,69,3079.4814,3051.0000
30,100,18,1,0.050000,87,3126.8867,3101.0000
30,200,18,1,0.050000,90,3225.5510,3201.0000
30,500,18,1,0.050000,94,3519.0271,3501.0000
30,10,19,1,0.050000,33,3038.3138,3011.0000
30,50,19,1,0.050000,43,3076.7895,3051.0000
30,100,19,1,0.050000,58,3124.5095,3101.0000
30,200,19,1,0.050000,66,3221.2807,3201.0000
30,500,19,1,0.050000,64,3510.5125,3501.0000
50,10,0,1,0.050000,34,3049.9898,3011.0000
50,50,0,1,0.050000,78,3087.7595,3051.0000
50,100,0,1,0.050000,98,3136.4009,3101.0000
50,200,0,1,0.050000,103,3233.0169,3201.0000
50,500,0,1,0.050000,103,3524.0183,3501.0000
50,10,1,1,0.050000,33,3030.1978,3011.0000
50,50,1,1,0.050000,44,3068.3196,3051.0000
50,100,1,1,0.050000,61,3116.3723,3101.0000
50,200,1,1,0.050000,68,3213.1985,3201.0000
50,500,1,1,0.050000,69,3503.8759,3501.0000
50,10,2,1,0.050000,33,3023.0576,3011.0000
50,50,2,1,0.050000,43,3061.4159,3051.0000
50,100,2,1,0.050000,58,3109.2802,3101.0000
50,200,2,1,0.050000,64,3205.8651,3201.0000
50,500,2,1,0.050000,66,3494.5652,3501.0000
50,10,3,1,0.050000,33,3023.7929,3011.0000
50,50,3,1,0.050000,45,3062.2585,3051.0000
50,100,3,1,0.050000,62,3110.1358,3101.0000
50,200,3,1,0.050000,69,3206.8757,3201.0000
50,500,3,1,0.050000,69,3497.2016,3501.0000
50,10,4,1,0.050000,34,3047.3238,3011.0000
50,50,4,1,0.050000,48,3085.4198,3051.0000
50,100,4,1,0.050000,68,3133.4367,3101.0000
50,200,4,1,0.050000,74,3230.3157,3201.0000
50,500,4,1,0.050000,76,3520.9395,3501.0000
50,10,5,1,0.050000,34,3040.8687,3011.0000
50,50,5,1,0.050000,68,3078.5134,3051.0000
50,100,5,1,0.050000,84,3127.0557,3101.0000
50,200,5,1,0.050000,90,3224.7903,3201.0000
50,500,5,1,0.050000,91,3517.3660,3501.0000
50,10,6,1,0.050000,33,3024.1752,3011.0000
50,50,6,1,0.050000,35,3062.7045,3051.0000
50,100,6,1,0.050000,46,3110.3905,3101.0000
50,200,6,1,0.050000,50,3206.1406,3201.0000
50,500,6,1,0.050000,53,3493.9138,3501.0000
50,10,7,1,0.050000,33,3033.8155,3011.0000
50,50,7,1,0.050000,43,3072.7702,3051.0000
50,100,7,1,0.050000,58,3120.6950,3101.0000
50,200,7,1,0.050000,65,3217.0085,3201.0000
50,500,7,1,0.050000,66,3506.9877,3501.0000
50,10,8,1,0.050000,33,3019.6622,3011.0000
50,50,8,1,0.050000,37,3058.1016,3051.0000
50,100,8,1,0.050000,51,3105.8731,3101.0000
50,200,8,1,0.050000,60,3201.8732,3201.0000
50,500,8,1,0.050000,58,3489.9083,3501.0000
50,10,9,1,0.050000,33,3039.1713,3011.0000
50,50,9,1,0.050000,33,3078.0842,3051.0000
50,100,9,1,0.050000,36,3126.1009,3101.0000
50,200,9,1,0.050000,40,3220.8846,3201.0000
50,500,9,1,0.050000,40,3509.3610,3501.0000
50,10,10,1,0.050000,33,3024.5885,3011.0000
50,50,10,1,0.050000,33,3062.7753,3051.0000
50,100,10,1,0.050000,37,3110.2757,3101.0000
50,200,10,1,0.050000,43,3206.3944,3201.0000
50,500,10,1,0.050000,42,3493.0052,3501.0000
50,10,11,1,0.050000,34,3043.2923,3011.0000
50,50,11,1,0.050000,34,3081.7997,3051.0000
50,100,11,1,0.050000,43,3129.5579,3101.0000
50,200,11,1,0.050000,48,3225.2565,3201.0000
50,500,11,1,0.050000,48,3513.4116,3501.0000
50,10,12,1,0.050000,34,3094.6554,3011.0000
50,50,12,1,0.050000,50,3131.9751,3051.0000
50,100,12,1,0.050000,61,3180.2813,3101.0000
50,200,12,1,0.050000,67,3274.3600,3201.0000
50,500,12,1,0.050000,67,3566.1286,3501.0000
50,10,13,1,0.050000,33,3043.4584,3011.0000
50,50,13,1,0.050000,43,3081.4091,3051.0000
50,100,13,1,0.050000,59,3129.5771,3101.0000
50,200,13,1,0.050000,68,3225.9897,3201.0000
50,500,13,1,0.050000,66,3516.3915,3501.0000
50,10,14,1,0.050000,33,3037.3073,3011.0000
50,50,14,1,0.050000,33,3075.2503,3051.0000
50,100,14,1,0.050000,34,3123.4193,3101.0000
50,200,14,1,0.050000,35,3219.4620,3201.0000
50,500,14,1,0.050000,36,3505.9776,3501.0000
50,10,15,1,0.050000,34,3057.6619,3011.0000
50,50,15,1,0.050000,43,3095.9643,3051.0000
50,100,15,1,0.050000,58,3143.4586,3101.0000
50,200,15,1,0.050000,67,3239.3473,3201.0000
50,500,15,1,0.050000,65,3529.6078,3501.0000
50,10,16,1,0.050000,34,3075.2046,3011.0000
50,50,16,1,0.050000,50,3113.7565,3051.0000
50,100,16,1,0.050000,65,3159.9494,3101.0000
50,200,16,1,0.050000,73,3256.9837,3201.0000
50,500,16,1,0.050000,76,3547.8540,3501.0000
50,10,17,1,0.050000,34,3048.7409,3011.0000
50,50,17,1,0.050000,43,3087.0353,3051.0000
50,100,17,1,0.050000,53,3134.5543,3101.0000
50,200,17,1,0.050000,61,3231.2505,3201.0000
50,500,17,1,0.050000,63,3520.3840,3501.0000
50,10,18,1,0.050000,33,3021.0682,3011.0000
50,50,18,1,0.050000,36,3059.5967,3051.0000
50,100,18,1,0.050000,50,3107.6119,3101.0000
50,200,18,1,0.050000,58,3203.7090,3201.0000
50,500,18,1,0.050000,57,3491.7051,3501.0000
50,10,19,1,0.050000,36,3178.7309,3011.0000
50,50,19,1,0.050000,67,3215.3783,3051.0000
50,100,19,1,0.050000,82,3263.4665,3101.0000
50,200,19,1,0.050000,87,3357.8026,3201.0000
50,500,19,1,0.050000,92,3647.3626,3501.0000
75,10,0,1,0.050000,33,3047.6231,3011.0000
75,50,0,1,0.050000,39,3086.2274,3051.0000
75,100,0,1,0.050000,51,3133.5774,3101.0000
75,200,0,1,0.050000,61,3229.7901,3201.0000
75,500,0,1,0.050000,61,3518.8595,3501.0000
75,10,1,1,0.050000,34,3068.9945,3011.0000
75,50,1,1,0.050000,41,3107.1522,3051.0000
75,100,1,1,0.050000,53,3154.3853,3101.0000
75,200,1,1,0.050000,58,3250.7710,3201.0000
75,500,1,1,0.050000,60,3540.3917,3501.0000
75,10,2,1,0.050000,34,3061.4878,3011.0000
75,50,2,1,0.050000,53,3100.5396,3051.0000
75,100,2,1,0.050000,66,3147.3739,3101.0000
75,200,2,1,0.050000,73,3244.0008,3201.0000
75,500,2,1,0.050000,75,3534.9078,3501.0000
75,10,3,1,0.050000,33,3029.4024,3011.0000
75,50,3,1,0.050000,35,3067.8043,3051.0000
75,100,3,1,0.050000,46,3115.5730,3101.0000
75,200,3,1,0.050000,52,3211.0569,3201.0000
75,500,3,1,0.050000,55,3499.0386,3501.0000
75,10,4,1,0.050000,33,3075.0485,3011.0000
75,50,4,1,0.050000,37,3113.2281,3051.0000
75,100,4,1,0.050000,45,3161.1479,3101.0000
75,200,4,1,0.050000,51,3256.7761,3201.0000
75,500,4,1,0.050000,54,3546.3533,3501.0000
75,10,5,1,0.050000,33,3021.2262,3011.0000
75,50,5,1,0.050000,38,3059.6117,3051.0000
75,100,5,1,0.050000,45,3107.7545,3101.0000
75,200,5,1,0.050000,52,3203.8086,3201.0000
75,500,5,1,0.050000,52,3491.8355,3501.0000
75,10,6,1,0.050000,34,3066.4756,3011.0000
75,50,6,1,0.050000,46,3104.0536,3051.0000
75,100,6,1,0.050000,63,3152.1091,3101.0000
75,200,6,1,0.050000,72,3247.5679,3201.0000
75,500,6,1,0.050000,71,3538.0777,3501.0000
75,10,7,1,0.050000,33,3052.9276,3011.0000
75,50,7,1,0.050000,45,3090.5320,3051.0000
75,100,7,1,0.050000,59,3138.8692,3101.0000
75,200,7,1,0.050000,66,3234.7396,3201.0000
75,500,7,1,0.050000,68,3524.4994,3501.0000
75,10,8,1,0.050000,34,3043.4017,3011.0000
75,50,8,1,0.050000,46,3082.4456,3051.0000
75,100,8,1,0.050000,61,3129.6703,3101.0000
75,200,8,1,0.050000,66,3226.1037,3201.0000
75,500,8,1,0.050000,68,3516.1675,3501.0000
75,10,9,1,0.050000,34,3057.4435,3011.0000
75,50,9,1,0.050000,58,3095.3715,3051.0000
75,100,9,1,0.050000,73,3143.3786,3101.0000
75,200,9,1,0.050000,79,3239.9151,3201.0000
75,500,9,1,0.050000,80,3532.4535,3501.0000
75,10,10,1,0.050000,34,3049.5432,3011.0000
75,50,10,1,0.050000,41,3087.6824,3051.0000
75,100,10,1,0.050000,57,3135.6115,3101.0000
75,200,10,1,0.050000,65,3231.8456,3201.0000
75,500,10,1,0.050000,65,3521.1789,3501.0000
75,10,11,1,0.050000,33,3032.2268,3011.0000
75,50,11,1,0.050000,41,3070.6012,3051.0000
75,100,11,1,0.050000,54,3118.5424,3101.0000
75,200,11,1,0.050000,62,3214.7933,3201.0000
75,500,11,1,0.050000,64,3503.5034,3501.0000
75,10,12,1,0.050000,34,3051.2468,3011.0000
75,50,12,1,0.050000,38,3090.2986,3051.0000
75,100,12,1,0.050000,48,3137.4051,3101.0000
75,200,12,1,0.050000,54,3233.9374,3201.0000
75,500,12,1,0.050000,54,3522.7300,3501.0000
75,10,13,1,0.050000,34,3019.3171,3011.0000
75,50,13,1,0.050000,50,3057.8429,3051.0000
75,100,13,1,0.050000,62,3105.8116,3101.0000
75,200,13,1,0.050000,72,3202.6107,3201.0000
75,500,13,1,0.050000,73,3492.5949,3501.0000
75,10,14,1,0.050000,34,3044.3740,3011.0000
75,50,14,1,0.050000,60,3083.1063,3051.0000
75,100,14,1,0.050000,77,3131.9190,3101.0000
75,200,14,1,0.050000,84,3229.0475,3201.0000
75,500,14,1,0.050000,83,3521.5505,3501.0000
75,10,15,1,0.050000,34,3037.3320,3011.0000
75,50,15,1,0.050000,55,3075.7768,3051.0000
75,100,15,1,0.050000,74,3123.9381,3101.0000
75,200,15,1,0.050000,82,3220.9890,3201.0000
75,500,15,1,0.050000,81,3513.4752,3501.0000
75,10,16,1,0.050000,33,3041.4649,3011.0000
75,50,16,1,0.050000,41,3079.7886,3051.0000
75,100,16,1,0.050000,54,3128.2776,3101.0000
75,200,16,1,0.050000,61,3224.1705,3201.0000
75,500,16,1,0.050000,65,3513.4799,3501.0000
75,10,17,1,0.050000,34,3054.4950,3011.0000
75,50,17,1,0.050000,36,3092.7558,3051.0000
75,100,17,1,0.050000,50,3140.5701,3101.0000
75,200,17,1,0.050000,56,3236.4185,3201.0000
75,500,17,1,0.050000,56,3525.3004,3501.0000
75,10,18,1,0.050000,33,3048.5015,3011.0000
75,50,18,1,0.050000,34,3086.9989,3051.0000
75,100,18,1,0.050000,41,3134.7728,3101.0000
75,200,18,1,0.050000,49,3231.2041,3201.0000
75,500,18,1,0.050000,49,3519.9681,3501.0000
75,10,19,1,0.050000,34,3087.7793,3011.0000
75,50,19,1,0.050000,69,3125.1745,3051.0000
75,100,19,1,0.050000,88,3172.2781,3101.0000
75,200,19,1,0.050000,96,3269.2885,3201.0000
75,500,19,1,0.050000,94,3562.5925,3501.0000
